date,actual,snn_prob,snn_spike_rate,confidence,decision,snn_correct,cost_taken,cost_baseline,saving_day,reason,cumulative_saving,cumulative_baseline,cumulative_direct
2024-03-11,1,0.5089,0.4469,0.0,USD_FALLBACK,0,36000.0,36000.0,0.0,prob=0.509 < 0.7,0.0,36000.0,36000.0
2024-03-12,1,0.501,0.4414,0.0,USD_FALLBACK,0,36000.0,36000.0,0.0,prob=0.501 < 0.7,0.0,72000.0,72000.0
2024-03-13,0,0.4865,0.432,0.0,USD_FALLBACK,0,36000.0,36000.0,0.0,prob=0.486 < 0.7,0.0,108000.0,108000.0
2024-03-14,1,0.4793,0.4344,0.0,USD_FALLBACK,0,36000.0,36000.0,0.0,prob=0.479 < 0.7,0.0,144000.0,144000.0
2024-03-15,0,0.4956,0.4367,0.0,USD_FALLBACK,0,36000.0,36000.0,0.0,prob=0.496 < 0.7,0.0,180000.0,180000.0
2024-03-16,0,0.4821,0.4352,0.0,USD_FALLBACK,0,36000.0,36000.0,0.0,prob=0.482 < 0.7,0.0,216000.0,216000.0
2024-03-17,0,0.4696,0.4328,0.0,USD_FALLBACK,0,36000.0,36000.0,0.0,prob=0.470 < 0.7,0.0,252000.0,252000.0
2024-03-18,0,0.474,0.4336,0.0,USD_FALLBACK,0,36000.0,36000.0,0.0,prob=0.474 < 0.7,0.0,288000.0,288000.0
2024-03-19,1,0.4718,0.4375,0.0,USD_FALLBACK,0,36000.0,36000.0,0.0,prob=0.472 < 0.7,0.0,324000.0,324000.0
2024-03-20,1,0.4589,0.4391,0.0,USD_FALLBACK,0,36000.0,36000.0,0.0,prob=0.459 < 0.7,0.0,360000.0,360000.0
2024-03-21,1,0.4433,0.4383,0.0,USD_FALLBACK,0,36000.0,36000.0,0.0,prob=0.443 < 0.7,0.0,396000.0,396000.0
2024-03-22,0,0.4316,0.4398,0.0,USD_FALLBACK,0,36000.0,36000.0,0.0,prob=0.432 < 0.7,0.0,432000.0,432000.0
2024-03-23,0,0.4434,0.4406,0.0,USD_FALLBACK,0,36000.0,36000.0,0.0,prob=0.443 < 0.7,0.0,468000.0,468000.0
2024-03-24,1,0.4765,0.443,0.0,USD_FALLBACK,0,36000.0,36000.0,0.0,prob=0.477 < 0.7,0.0,504000.0,504000.0
2024-03-25,0,0.4685,0.4445,0.0,USD_FALLBACK,0,36000.0,36000.0,0.0,prob=0.468 < 0.7,0.0,540000.0,540000.0
2024-03-26,0,0.4615,0.4453,0.0,USD_FALLBACK,0,36000.0,36000.0,0.0,prob=0.461 < 0.7,0.0,576000.0,576000.0
2024-03-27,1,0.4358,0.4289,0.0,USD_FALLBACK,0,36000.0,36000.0,0.0,prob=0.436 < 0.7,0.0,612000.0,612000.0
2024-03-28,1,0.4383,0.4312,0.0,USD_FALLBACK,0,36000.0,36000.0,0.0,prob=0.438 < 0.7,0.0,648000.0,648000.0
2024-03-29,0,0.443,0.4328,0.0,USD_FALLBACK,0,36000.0,36000.0,0.0,prob=0.443 < 0.7,0.0,684000.0,684000.0
2024-03-30,0,0.4674,0.443,0.0,USD_FALLBACK,0,36000.0,36000.0,0.0,prob=0.467 < 0.7,0.0,720000.0,720000.0
2024-03-31,0,0.4762,0.4547,0.0,USD_FALLBACK,0,36000.0,36000.0,0.0,prob=0.476 < 0.7,0.0,756000.0,756000.0
2024-04-01,1,0.477,0.4625,0.0,USD_FALLBACK,0,36000.0,36000.0,0.0,prob=0.477 < 0.7,0.0,792000.0,792000.0
2024-04-02,0,0.4758,0.4609,0.0,USD_FALLBACK,0,36000.0,36000.0,0.0,prob=0.476 < 0.7,0.0,828000.0,828000.0
2024-04-03,1,0.4437,0.4617,0.0,USD_FALLBACK,0,36000.0,36000.0,0.0,prob=0.444 < 0.7,0.0,864000.0,864000.0
2024-04-04,1,0.4261,0.4633,0.0,USD_FALLBACK,0,36000.0,36000.0,0.0,prob=0.426 < 0.7,0.0,900000.0,900000.0
2024-04-05,0,0.4432,0.4609,0.0,USD_FALLBACK,0,36000.0,36000.0,0.0,prob=0.443 < 0.7,0.0,936000.0,936000.0
2024-04-06,0,0.4255,0.4578,0.0,USD_FALLBACK,0,36000.0,36000.0,0.0,prob=0.425 < 0.7,0.0,972000.0,972000.0
2024-04-07,0,0.4226,0.4523,0.0,USD_FALLBACK,0,36000.0,36000.0,0.0,prob=0.423 < 0.7,0.0,1008000.0,1008000.0
2024-04-08,0,0.4125,0.4422,0.0,USD_FALLBACK,0,36000.0,36000.0,0.0,prob=0.413 < 0.7,0.0,1044000.0,1044000.0
2024-04-09,0,0.4007,0.4398,0.0,USD_FALLBACK,0,36000.0,36000.0,0.0,prob=0.401 < 0.7,0.0,1080000.0,1080000.0
2024-04-10,1,0.418,0.4406,0.0,USD_FALLBACK,0,36000.0,36000.0,0.0,prob=0.418 < 0.7,0.0,1116000.0,1116000.0
2024-04-11,0,0.4146,0.4437,0.0,USD_FALLBACK,0,36000.0,36000.0,0.0,prob=0.415 < 0.7,0.0,1152000.0,1152000.0
2024-04-12,0,0.4198,0.4492,0.0,USD_FALLBACK,0,36000.0,36000.0,0.0,prob=0.420 < 0.7,0.0,1188000.0,1188000.0
2024-04-13,0,0.4268,0.4516,0.0,USD_FALLBACK,0,36000.0,36000.0,0.0,prob=0.427 < 0.7,0.0,1224000.0,1224000.0
2024-04-14,1,0.4391,0.4523,0.0,USD_FALLBACK,0,36000.0,36000.0,0.0,prob=0.439 < 0.7,0.0,1260000.0,1260000.0
2024-04-15,0,0.4329,0.4539,0.0,USD_FALLBACK,0,36000.0,36000.0,0.0,prob=0.433 < 0.7,0.0,1296000.0,1296000.0
2024-04-16,1,0.4202,0.4555,0.0,USD_FALLBACK,0,36000.0,36000.0,0.0,prob=0.420 < 0.7,0.0,1332000.0,1332000.0
2024-04-17,0,0.4259,0.4477,0.0,USD_FALLBACK,0,36000.0,36000.0,0.0,prob=0.426 < 0.7,0.0,1368000.0,1368000.0
2024-04-18,0,0.4594,0.4539,0.0,USD_FALLBACK,0,36000.0,36000.0,0.0,prob=0.459 < 0.7,0.0,1404000.0,1404000.0
2024-04-19,0,0.4461,0.457,0.0,USD_FALLBACK,0,36000.0,36000.0,0.0,prob=0.446 < 0.7,0.0,1440000.0,1440000.0
2024-04-20,0,0.436,0.4531,0.0,USD_FALLBACK,0,36000.0,36000.0,0.0,prob=0.436 < 0.7,0.0,1476000.0,1476000.0
2024-04-21,0,0.433,0.457,0.0,USD_FALLBACK,0,36000.0,36000.0,0.0,prob=0.433 < 0.7,0.0,1512000.0,1512000.0
2024-04-22,1,0.4295,0.4469,0.0,USD_FALLBACK,0,36000.0,36000.0,0.0,prob=0.429 < 0.7,0.0,1548000.0,1548000.0
2024-04-23,0,0.435,0.4516,0.0,USD_FALLBACK,0,36000.0,36000.0,0.0,prob=0.435 < 0.7,0.0,1584000.0,1584000.0
2024-04-24,1,0.4231,0.4586,0.0,USD_FALLBACK,0,36000.0,36000.0,0.0,prob=0.423 < 0.7,0.0,1620000.0,1620000.0
2024-04-25,0,0.4511,0.4711,0.0,USD_FALLBACK,0,36000.0,36000.0,0.0,prob=0.451 < 0.7,0.0,1656000.0,1656000.0
2024-04-26,0,0.4558,0.4766,0.0,USD_FALLBACK,0,36000.0,36000.0,0.0,prob=0.456 < 0.7,0.0,1692000.0,1692000.0
2024-04-27,0,0.4593,0.4875,0.0,USD_FALLBACK,0,36000.0,36000.0,0.0,prob=0.459 < 0.7,0.0,1728000.0,1728000.0
2024-04-28,1,0.4527,0.4828,0.0,USD_FALLBACK,0,36000.0,36000.0,0.0,prob=0.453 < 0.7,0.0,1764000.0,1764000.0
2024-04-29,1,0.4444,0.4773,0.0,USD_FALLBACK,0,36000.0,36000.0,0.0,prob=0.444 < 0.7,0.0,1800000.0,1800000.0
2024-04-30,1,0.4415,0.475,0.0,USD_FALLBACK,0,36000.0,36000.0,0.0,prob=0.441 < 0.7,0.0,1836000.0,1836000.0
2024-05-01,0,0.4309,0.4703,0.0,USD_FALLBACK,0,36000.0,36000.0,0.0,prob=0.431 < 0.7,0.0,1872000.0,1872000.0
2024-05-02,0,0.4436,0.4766,0.0,USD_FALLBACK,0,36000.0,36000.0,0.0,prob=0.444 < 0.7,0.0,1908000.0,1908000.0
2024-05-03,0,0.4462,0.4711,0.0,USD_FALLBACK,0,36000.0,36000.0,0.0,prob=0.446 < 0.7,0.0,1944000.0,1944000.0
2024-05-04,0,0.4771,0.4828,0.0,USD_FALLBACK,0,36000.0,36000.0,0.0,prob=0.477 < 0.7,0.0,1980000.0,1980000.0
2024-05-05,0,0.4744,0.4688,0.0,USD_FALLBACK,0,36000.0,36000.0,0.0,prob=0.474 < 0.7,0.0,2016000.0,2016000.0
2024-05-06,1,0.4766,0.4695,0.0,USD_FALLBACK,0,36000.0,36000.0,0.0,prob=0.477 < 0.7,0.0,2052000.0,2052000.0
2024-05-07,0,0.4799,0.4633,0.0,USD_FALLBACK,0,36000.0,36000.0,0.0,prob=0.480 < 0.7,0.0,2088000.0,2088000.0
2024-05-08,0,0.4848,0.4586,0.0,USD_FALLBACK,0,36000.0,36000.0,0.0,prob=0.485 < 0.7,0.0,2124000.0,2124000.0
2024-05-09,0,0.4877,0.4602,0.0,USD_FALLBACK,0,36000.0,36000.0,0.0,prob=0.488 < 0.7,0.0,2160000.0,2160000.0
2024-05-10,0,0.5038,0.4664,0.0,USD_FALLBACK,0,36000.0,36000.0,0.0,prob=0.504 < 0.7,0.0,2196000.0,2196000.0
2024-05-11,0,0.5162,0.4773,0.0,USD_FALLBACK,0,36000.0,36000.0,0.0,prob=0.516 < 0.7,0.0,2232000.0,2232000.0
2024-05-12,1,0.5029,0.468,0.0,USD_FALLBACK,0,36000.0,36000.0,0.0,prob=0.503 < 0.7,0.0,2268000.0,2268000.0
2024-05-13,0,0.505,0.4602,0.0,USD_FALLBACK,0,36000.0,36000.0,0.0,prob=0.505 < 0.7,0.0,2304000.0,2304000.0
2024-05-14,1,0.4771,0.4594,0.0,USD_FALLBACK,0,36000.0,36000.0,0.0,prob=0.477 < 0.7,0.0,2340000.0,2340000.0
2024-05-15,0,0.4641,0.4531,0.0,USD_FALLBACK,0,36000.0,36000.0,0.0,prob=0.464 < 0.7,0.0,2376000.0,2376000.0
2024-05-16,1,0.4613,0.4469,0.0,USD_FALLBACK,0,36000.0,36000.0,0.0,prob=0.461 < 0.7,0.0,2412000.0,2412000.0
2024-05-17,0,0.5017,0.443,0.0,USD_FALLBACK,0,36000.0,36000.0,0.0,prob=0.502 < 0.7,0.0,2448000.0,2448000.0
2024-05-18,0,0.5222,0.4336,0.0,USD_FALLBACK,0,36000.0,36000.0,0.0,prob=0.522 < 0.7,0.0,2484000.0,2484000.0
2024-05-19,0,0.5401,0.4273,0.0,USD_FALLBACK,0,36000.0,36000.0,0.0,prob=0.540 < 0.7,0.0,2520000.0,2520000.0
2024-05-20,1,0.5509,0.4133,0.0,USD_FALLBACK,0,36000.0,36000.0,0.0,prob=0.551 < 0.7,0.0,2556000.0,2556000.0
2024-05-21,1,0.571,0.3984,0.0,USD_FALLBACK,0,36000.0,36000.0,0.0,prob=0.571 < 0.7,0.0,2592000.0,2592000.0
2024-05-22,0,0.606,0.3875,0.0,USD_FALLBACK,0,36000.0,36000.0,0.0,prob=0.606 < 0.7,0.0,2628000.0,2628000.0
2024-05-23,1,0.63,0.3727,0.0,USD_FALLBACK,0,36000.0,36000.0,0.0,prob=0.630 < 0.7,0.0,2664000.0,2664000.0
2024-05-24,0,0.6461,0.3664,0.0,USD_FALLBACK,0,36000.0,36000.0,0.0,prob=0.646 < 0.7,0.0,2700000.0,2700000.0
2024-05-25,0,0.6778,0.3531,0.0,USD_FALLBACK,0,36000.0,36000.0,0.0,prob=0.678 < 0.7,0.0,2736000.0,2736000.0
2024-05-26,0,0.6993,0.3508,0.0,USD_FALLBACK,0,36000.0,36000.0,0.0,prob=0.699 < 0.7,0.0,2772000.0,2772000.0
2024-05-27,1,0.7058,0.3531,0.1503,DIRECT,1,1200.0,36000.0,34800.0,"High confidence: prob=0.706 ≥ 0.7, rate=0.353 ≥ 0.1",34800.0,2808000.0,2773200.0
2024-05-28,1,0.7248,0.3469,0.1785,DIRECT,1,1200.0,36000.0,34800.0,"High confidence: prob=0.725 ≥ 0.7, rate=0.347 ≥ 0.1",69600.0,2844000.0,2774400.0
2024-05-29,1,0.7681,0.3523,0.2537,DIRECT,1,1200.0,36000.0,34800.0,"High confidence: prob=0.768 ≥ 0.7, rate=0.352 ≥ 0.1",104400.0,2880000.0,2775600.0
2024-05-30,0,0.7672,0.3625,0.2579,DIRECT,0,1200.0,36000.0,34800.0,"High confidence: prob=0.767 ≥ 0.7, rate=0.362 ≥ 0.1",139200.0,2916000.0,2776800.0
2024-05-31,0,0.7326,0.3734,0.2062,DIRECT,0,1200.0,36000.0,34800.0,"High confidence: prob=0.733 ≥ 0.7, rate=0.373 ≥ 0.1",174000.0,2952000.0,2778000.0
2024-06-01,0,0.713,0.3883,0.1818,DIRECT,0,1200.0,36000.0,34800.0,"High confidence: prob=0.713 ≥ 0.7, rate=0.388 ≥ 0.1",208800.0,2988000.0,2779200.0
2024-06-02,1,0.6969,0.3977,0.0,USD_FALLBACK,0,36000.0,36000.0,0.0,prob=0.697 < 0.7,208800.0,3024000.0,2815200.0
2024-06-03,0,0.6609,0.4203,0.0,USD_FALLBACK,0,36000.0,36000.0,0.0,prob=0.661 < 0.7,208800.0,3060000.0,2851200.0
2024-06-04,1,0.6289,0.4313,0.0,USD_FALLBACK,0,36000.0,36000.0,0.0,prob=0.629 < 0.7,208800.0,3096000.0,2887200.0
2024-06-05,0,0.594,0.4406,0.0,USD_FALLBACK,0,36000.0,36000.0,0.0,prob=0.594 < 0.7,208800.0,3132000.0,2923200.0
2024-06-06,1,0.5661,0.4523,0.0,USD_FALLBACK,0,36000.0,36000.0,0.0,prob=0.566 < 0.7,208800.0,3168000.0,2959200.0
2024-06-07,0,0.487,0.4703,0.0,USD_FALLBACK,0,36000.0,36000.0,0.0,prob=0.487 < 0.7,208800.0,3204000.0,2995200.0
2024-06-08,0,0.4853,0.4773,0.0,USD_FALLBACK,0,36000.0,36000.0,0.0,prob=0.485 < 0.7,208800.0,3240000.0,3031200.0
2024-06-09,1,0.4849,0.4852,0.0,USD_FALLBACK,0,36000.0,36000.0,0.0,prob=0.485 < 0.7,208800.0,3276000.0,3067200.0
2024-06-10,1,0.5301,0.4867,0.0,USD_FALLBACK,0,36000.0,36000.0,0.0,prob=0.530 < 0.7,208800.0,3312000.0,3103200.0
2024-06-11,1,0.5005,0.4891,0.0,USD_FALLBACK,0,36000.0,36000.0,0.0,prob=0.500 < 0.7,208800.0,3348000.0,3139200.0
2024-06-12,0,0.5043,0.4898,0.0,USD_FALLBACK,0,36000.0,36000.0,0.0,prob=0.504 < 0.7,208800.0,3384000.0,3175200.0
2024-06-13,0,0.5112,0.4859,0.0,USD_FALLBACK,0,36000.0,36000.0,0.0,prob=0.511 < 0.7,208800.0,3420000.0,3211200.0
2024-06-14,0,0.512,0.4859,0.0,USD_FALLBACK,0,36000.0,36000.0,0.0,prob=0.512 < 0.7,208800.0,3456000.0,3247200.0
2024-06-15,0,0.5448,0.4992,0.0,USD_FALLBACK,0,36000.0,36000.0,0.0,prob=0.545 < 0.7,208800.0,3492000.0,3283200.0
2024-06-16,1,0.5635,0.5094,0.0,USD_FALLBACK,0,36000.0,36000.0,0.0,prob=0.563 < 0.7,208800.0,3528000.0,3319200.0
2024-06-17,0,0.5391,0.4992,0.0,USD_FALLBACK,0,36000.0,36000.0,0.0,prob=0.539 < 0.7,208800.0,3564000.0,3355200.0
2024-06-18,0,0.5397,0.5016,0.0,USD_FALLBACK,0,36000.0,36000.0,0.0,prob=0.540 < 0.7,208800.0,3600000.0,3391200.0
2024-06-19,1,0.5326,0.4922,0.0,USD_FALLBACK,0,36000.0,36000.0,0.0,prob=0.533 < 0.7,208800.0,3636000.0,3427200.0
2024-06-20,1,0.5352,0.493,0.0,USD_FALLBACK,0,36000.0,36000.0,0.0,prob=0.535 < 0.7,208800.0,3672000.0,3463200.0
2024-06-21,0,0.5305,0.4859,0.0,USD_FALLBACK,0,36000.0,36000.0,0.0,prob=0.530 < 0.7,208800.0,3708000.0,3499200.0
2024-06-22,0,0.5238,0.4891,0.0,USD_FALLBACK,0,36000.0,36000.0,0.0,prob=0.524 < 0.7,208800.0,3744000.0,3535200.0
2024-06-23,0,0.5203,0.4914,0.0,USD_FALLBACK,0,36000.0,36000.0,0.0,prob=0.520 < 0.7,208800.0,3780000.0,3571200.0
2024-06-24,0,0.5268,0.4914,0.0,USD_FALLBACK,0,36000.0,36000.0,0.0,prob=0.527 < 0.7,208800.0,3816000.0,3607200.0
2024-06-25,0,0.569,0.4922,0.0,USD_FALLBACK,0,36000.0,36000.0,0.0,prob=0.569 < 0.7,208800.0,3852000.0,3643200.0
2024-06-26,1,0.5547,0.493,0.0,USD_FALLBACK,0,36000.0,36000.0,0.0,prob=0.555 < 0.7,208800.0,3888000.0,3679200.0
2024-06-27,0,0.5556,0.4992,0.0,USD_FALLBACK,0,36000.0,36000.0,0.0,prob=0.556 < 0.7,208800.0,3924000.0,3715200.0
2024-06-28,0,0.5573,0.5008,0.0,USD_FALLBACK,0,36000.0,36000.0,0.0,prob=0.557 < 0.7,208800.0,3960000.0,3751200.0
2024-06-29,0,0.5436,0.5063,0.0,USD_FALLBACK,0,36000.0,36000.0,0.0,prob=0.544 < 0.7,208800.0,3996000.0,3787200.0
2024-06-30,0,0.5453,0.5047,0.0,USD_FALLBACK,0,36000.0,36000.0,0.0,prob=0.545 < 0.7,208800.0,4032000.0,3823200.0
2024-07-01,1,0.5429,0.5039,0.0,USD_FALLBACK,0,36000.0,36000.0,0.0,prob=0.543 < 0.7,208800.0,4068000.0,3859200.0
2024-07-02,1,0.5435,0.4945,0.0,USD_FALLBACK,0,36000.0,36000.0,0.0,prob=0.544 < 0.7,208800.0,4104000.0,3895200.0
2024-07-03,1,0.5372,0.4852,0.0,USD_FALLBACK,0,36000.0,36000.0,0.0,prob=0.537 < 0.7,208800.0,4140000.0,3931200.0
2024-07-04,1,0.5289,0.4805,0.0,USD_FALLBACK,0,36000.0,36000.0,0.0,prob=0.529 < 0.7,208800.0,4176000.0,3967200.0
2024-07-05,0,0.4918,0.4766,0.0,USD_FALLBACK,0,36000.0,36000.0,0.0,prob=0.492 < 0.7,208800.0,4212000.0,4003200.0
2024-07-06,0,0.4693,0.4688,0.0,USD_FALLBACK,0,36000.0,36000.0,0.0,prob=0.469 < 0.7,208800.0,4248000.0,4039200.0
2024-07-07,0,0.4923,0.475,0.0,USD_FALLBACK,0,36000.0,36000.0,0.0,prob=0.492 < 0.7,208800.0,4284000.0,4075200.0
2024-07-08,0,0.5007,0.4719,0.0,USD_FALLBACK,0,36000.0,36000.0,0.0,prob=0.501 < 0.7,208800.0,4320000.0,4111200.0
2024-07-09,1,0.5145,0.4602,0.0,USD_FALLBACK,0,36000.0,36000.0,0.0,prob=0.514 < 0.7,208800.0,4356000.0,4147200.0
2024-07-10,1,0.5226,0.4523,0.0,USD_FALLBACK,0,36000.0,36000.0,0.0,prob=0.523 < 0.7,208800.0,4392000.0,4183200.0
2024-07-11,1,0.5399,0.4453,0.0,USD_FALLBACK,0,36000.0,36000.0,0.0,prob=0.540 < 0.7,208800.0,4428000.0,4219200.0
2024-07-12,0,0.5431,0.4336,0.0,USD_FALLBACK,0,36000.0,36000.0,0.0,prob=0.543 < 0.7,208800.0,4464000.0,4255200.0
2024-07-13,0,0.555,0.4305,0.0,USD_FALLBACK,0,36000.0,36000.0,0.0,prob=0.555 < 0.7,208800.0,4500000.0,4291200.0
2024-07-14,1,0.5862,0.4219,0.0,USD_FALLBACK,0,36000.0,36000.0,0.0,prob=0.586 < 0.7,208800.0,4536000.0,4327200.0
2024-07-15,1,0.6043,0.4172,0.0,USD_FALLBACK,0,36000.0,36000.0,0.0,prob=0.604 < 0.7,208800.0,4572000.0,4363200.0
2024-07-16,0,0.6347,0.4117,0.0,USD_FALLBACK,0,36000.0,36000.0,0.0,prob=0.635 < 0.7,208800.0,4608000.0,4399200.0
2024-07-17,1,0.6566,0.407,0.0,USD_FALLBACK,0,36000.0,36000.0,0.0,prob=0.657 < 0.7,208800.0,4644000.0,4435200.0
2024-07-18,1,0.6757,0.3961,0.0,USD_FALLBACK,0,36000.0,36000.0,0.0,prob=0.676 < 0.7,208800.0,4680000.0,4471200.0
2024-07-19,0,0.6929,0.3984,0.0,USD_FALLBACK,0,36000.0,36000.0,0.0,prob=0.693 < 0.7,208800.0,4716000.0,4507200.0
2024-07-20,0,0.6692,0.4,0.0,USD_FALLBACK,0,36000.0,36000.0,0.0,prob=0.669 < 0.7,208800.0,4752000.0,4543200.0
2024-07-21,1,0.6789,0.4133,0.0,USD_FALLBACK,0,36000.0,36000.0,0.0,prob=0.679 < 0.7,208800.0,4788000.0,4579200.0
2024-07-22,0,0.6685,0.4297,0.0,USD_FALLBACK,0,36000.0,36000.0,0.0,prob=0.669 < 0.7,208800.0,4824000.0,4615200.0
2024-07-23,1,0.6533,0.4328,0.0,USD_FALLBACK,0,36000.0,36000.0,0.0,prob=0.653 < 0.7,208800.0,4860000.0,4651200.0
2024-07-24,1,0.6584,0.4344,0.0,USD_FALLBACK,0,36000.0,36000.0,0.0,prob=0.658 < 0.7,208800.0,4896000.0,4687200.0
2024-07-25,0,0.6221,0.4352,0.0,USD_FALLBACK,0,36000.0,36000.0,0.0,prob=0.622 < 0.7,208800.0,4932000.0,4723200.0
2024-07-26,0,0.6176,0.4391,0.0,USD_FALLBACK,0,36000.0,36000.0,0.0,prob=0.618 < 0.7,208800.0,4968000.0,4759200.0
2024-07-27,0,0.6225,0.4406,0.0,USD_FALLBACK,0,36000.0,36000.0,0.0,prob=0.623 < 0.7,208800.0,5004000.0,4795200.0
2024-07-28,0,0.5929,0.4516,0.0,USD_FALLBACK,0,36000.0,36000.0,0.0,prob=0.593 < 0.7,208800.0,5040000.0,4831200.0
2024-07-29,1,0.5697,0.4562,0.0,USD_FALLBACK,0,36000.0,36000.0,0.0,prob=0.570 < 0.7,208800.0,5076000.0,4867200.0
2024-07-30,0,0.5962,0.4609,0.0,USD_FALLBACK,0,36000.0,36000.0,0.0,prob=0.596 < 0.7,208800.0,5112000.0,4903200.0
2024-07-31,0,0.5706,0.4492,0.0,USD_FALLBACK,0,36000.0,36000.0,0.0,prob=0.571 < 0.7,208800.0,5148000.0,4939200.0
2024-08-01,1,0.5704,0.4516,0.0,USD_FALLBACK,0,36000.0,36000.0,0.0,prob=0.570 < 0.7,208800.0,5184000.0,4975200.0
2024-08-02,0,0.5616,0.4469,0.0,USD_FALLBACK,0,36000.0,36000.0,0.0,prob=0.562 < 0.7,208800.0,5220000.0,5011200.0
2024-08-03,0,0.5724,0.4492,0.0,USD_FALLBACK,0,36000.0,36000.0,0.0,prob=0.572 < 0.7,208800.0,5256000.0,5047200.0
2024-08-04,0,0.5986,0.4539,0.0,USD_FALLBACK,0,36000.0,36000.0,0.0,prob=0.599 < 0.7,208800.0,5292000.0,5083200.0
2024-08-05,1,0.5986,0.4539,0.0,USD_FALLBACK,0,36000.0,36000.0,0.0,prob=0.599 < 0.7,208800.0,5328000.0,5119200.0
2024-08-06,0,0.6029,0.4563,0.0,USD_FALLBACK,0,36000.0,36000.0,0.0,prob=0.603 < 0.7,208800.0,5364000.0,5155200.0
2024-08-07,1,0.604,0.4609,0.0,USD_FALLBACK,0,36000.0,36000.0,0.0,prob=0.604 < 0.7,208800.0,5400000.0,5191200.0
2024-08-08,1,0.5987,0.4508,0.0,USD_FALLBACK,0,36000.0,36000.0,0.0,prob=0.599 < 0.7,208800.0,5436000.0,5227200.0
2024-08-09,0,0.5897,0.45,0.0,USD_FALLBACK,0,36000.0,36000.0,0.0,prob=0.590 < 0.7,208800.0,5472000.0,5263200.0
2024-08-10,0,0.5955,0.4539,0.0,USD_FALLBACK,0,36000.0,36000.0,0.0,prob=0.596 < 0.7,208800.0,5508000.0,5299200.0
2024-08-11,0,0.5948,0.4602,0.0,USD_FALLBACK,0,36000.0,36000.0,0.0,prob=0.595 < 0.7,208800.0,5544000.0,5335200.0
2024-08-12,0,0.6035,0.4625,0.0,USD_FALLBACK,0,36000.0,36000.0,0.0,prob=0.603 < 0.7,208800.0,5580000.0,5371200.0
2024-08-13,0,0.5952,0.4672,0.0,USD_FALLBACK,0,36000.0,36000.0,0.0,prob=0.595 < 0.7,208800.0,5616000.0,5407200.0
2024-08-14,1,0.574,0.4711,0.0,USD_FALLBACK,0,36000.0,36000.0,0.0,prob=0.574 < 0.7,208800.0,5652000.0,5443200.0
2024-08-15,0,0.5635,0.4758,0.0,USD_FALLBACK,0,36000.0,36000.0,0.0,prob=0.563 < 0.7,208800.0,5688000.0,5479200.0
2024-08-16,0,0.5604,0.4828,0.0,USD_FALLBACK,0,36000.0,36000.0,0.0,prob=0.560 < 0.7,208800.0,5724000.0,5515200.0
2024-08-17,0,0.5768,0.5109,0.0,USD_FALLBACK,0,36000.0,36000.0,0.0,prob=0.577 < 0.7,208800.0,5760000.0,5551200.0
2024-08-18,0,0.571,0.5039,0.0,USD_FALLBACK,0,36000.0,36000.0,0.0,prob=0.571 < 0.7,208800.0,5796000.0,5587200.0
2024-08-19,0,0.57,0.4977,0.0,USD_FALLBACK,0,36000.0,36000.0,0.0,prob=0.570 < 0.7,208800.0,5832000.0,5623200.0
2024-08-20,0,0.552,0.4906,0.0,USD_FALLBACK,0,36000.0,36000.0,0.0,prob=0.552 < 0.7,208800.0,5868000.0,5659200.0
2024-08-21,1,0.5422,0.4836,0.0,USD_FALLBACK,0,36000.0,36000.0,0.0,prob=0.542 < 0.7,208800.0,5904000.0,5695200.0
2024-08-22,1,0.5306,0.4812,0.0,USD_FALLBACK,0,36000.0,36000.0,0.0,prob=0.531 < 0.7,208800.0,5940000.0,5731200.0
2024-08-23,0,0.533,0.4828,0.0,USD_FALLBACK,0,36000.0,36000.0,0.0,prob=0.533 < 0.7,208800.0,5976000.0,5767200.0
2024-08-24,0,0.533,0.4828,0.0,USD_FALLBACK,0,36000.0,36000.0,0.0,prob=0.533 < 0.7,208800.0,6012000.0,5803200.0
2024-08-25,0,0.5553,0.4789,0.0,USD_FALLBACK,0,36000.0,36000.0,0.0,prob=0.555 < 0.7,208800.0,6048000.0,5839200.0
2024-08-26,1,0.571,0.4734,0.0,USD_FALLBACK,0,36000.0,36000.0,0.0,prob=0.571 < 0.7,208800.0,6084000.0,5875200.0
2024-08-27,1,0.578,0.4695,0.0,USD_FALLBACK,0,36000.0,36000.0,0.0,prob=0.578 < 0.7,208800.0,6120000.0,5911200.0
2024-08-28,1,0.5753,0.4711,0.0,USD_FALLBACK,0,36000.0,36000.0,0.0,prob=0.575 < 0.7,208800.0,6156000.0,5947200.0
2024-08-29,0,0.5776,0.468,0.0,USD_FALLBACK,0,36000.0,36000.0,0.0,prob=0.578 < 0.7,208800.0,6192000.0,5983200.0
2024-08-30,0,0.5746,0.468,0.0,USD_FALLBACK,0,36000.0,36000.0,0.0,prob=0.575 < 0.7,208800.0,6228000.0,6019200.0
2024-08-31,0,0.5736,0.4742,0.0,USD_FALLBACK,0,36000.0,36000.0,0.0,prob=0.574 < 0.7,208800.0,6264000.0,6055200.0
2024-09-01,0,0.5676,0.482,0.0,USD_FALLBACK,0,36000.0,36000.0,0.0,prob=0.568 < 0.7,208800.0,6300000.0,6091200.0
2024-09-02,1,0.5717,0.4883,0.0,USD_FALLBACK,0,36000.0,36000.0,0.0,prob=0.572 < 0.7,208800.0,6336000.0,6127200.0
2024-09-03,1,0.5688,0.4969,0.0,USD_FALLBACK,0,36000.0,36000.0,0.0,prob=0.569 < 0.7,208800.0,6372000.0,6163200.0
2024-09-04,1,0.5389,0.5117,0.0,USD_FALLBACK,0,36000.0,36000.0,0.0,prob=0.539 < 0.7,208800.0,6408000.0,6199200.0
2024-09-05,1,0.5228,0.5219,0.0,USD_FALLBACK,0,36000.0,36000.0,0.0,prob=0.523 < 0.7,208800.0,6444000.0,6235200.0
2024-09-06,0,0.4939,0.5367,0.0,USD_FALLBACK,0,36000.0,36000.0,0.0,prob=0.494 < 0.7,208800.0,6480000.0,6271200.0
2024-09-07,0,0.515,0.5367,0.0,USD_FALLBACK,0,36000.0,36000.0,0.0,prob=0.515 < 0.7,208800.0,6516000.0,6307200.0
2024-09-08,0,0.5078,0.543,0.0,USD_FALLBACK,0,36000.0,36000.0,0.0,prob=0.508 < 0.7,208800.0,6552000.0,6343200.0
2024-09-09,0,0.5004,0.543,0.0,USD_FALLBACK,0,36000.0,36000.0,0.0,prob=0.500 < 0.7,208800.0,6588000.0,6379200.0
2024-09-10,1,0.5094,0.5359,0.0,USD_FALLBACK,0,36000.0,36000.0,0.0,prob=0.509 < 0.7,208800.0,6624000.0,6415200.0
2024-09-11,1,0.5238,0.5375,0.0,USD_FALLBACK,0,36000.0,36000.0,0.0,prob=0.524 < 0.7,208800.0,6660000.0,6451200.0
2024-09-12,0,0.5188,0.5242,0.0,USD_FALLBACK,0,36000.0,36000.0,0.0,prob=0.519 < 0.7,208800.0,6696000.0,6487200.0
2024-09-13,0,0.5353,0.5141,0.0,USD_FALLBACK,0,36000.0,36000.0,0.0,prob=0.535 < 0.7,208800.0,6732000.0,6523200.0
2024-09-14,0,0.5599,0.5063,0.0,USD_FALLBACK,0,36000.0,36000.0,0.0,prob=0.560 < 0.7,208800.0,6768000.0,6559200.0
2024-09-15,0,0.5872,0.4984,0.0,USD_FALLBACK,0,36000.0,36000.0,0.0,prob=0.587 < 0.7,208800.0,6804000.0,6595200.0
2024-09-16,0,0.612,0.4906,0.0,USD_FALLBACK,0,36000.0,36000.0,0.0,prob=0.612 < 0.7,208800.0,6840000.0,6631200.0
2024-09-17,0,0.6212,0.4867,0.0,USD_FALLBACK,0,36000.0,36000.0,0.0,prob=0.621 < 0.7,208800.0,6876000.0,6667200.0
2024-09-18,0,0.6253,0.4781,0.0,USD_FALLBACK,0,36000.0,36000.0,0.0,prob=0.625 < 0.7,208800.0,6912000.0,6703200.0
2024-09-19,0,0.6452,0.4789,0.0,USD_FALLBACK,0,36000.0,36000.0,0.0,prob=0.645 < 0.7,208800.0,6948000.0,6739200.0
2024-09-20,0,0.6884,0.4703,0.0,USD_FALLBACK,0,36000.0,36000.0,0.0,prob=0.688 < 0.7,208800.0,6984000.0,6775200.0
2024-09-21,0,0.7211,0.4641,0.2374,DIRECT,0,1200.0,36000.0,34800.0,"High confidence: prob=0.721 ≥ 0.7, rate=0.464 ≥ 0.1",243600.0,7020000.0,6776400.0
2024-09-22,0,0.7451,0.4664,0.2788,DIRECT,0,1200.0,36000.0,34800.0,"High confidence: prob=0.745 ≥ 0.7, rate=0.466 ≥ 0.1",278400.0,7056000.0,6777600.0
2024-09-23,1,0.7635,0.4656,0.309,DIRECT,1,1200.0,36000.0,34800.0,"High confidence: prob=0.764 ≥ 0.7, rate=0.466 ≥ 0.1",313200.0,7092000.0,6778800.0
2024-09-24,1,0.7683,0.4664,0.3175,DIRECT,1,1200.0,36000.0,34800.0,"High confidence: prob=0.768 ≥ 0.7, rate=0.466 ≥ 0.1",348000.0,7128000.0,6780000.0
2024-09-25,1,0.7726,0.4625,0.3224,DIRECT,1,1200.0,36000.0,34800.0,"High confidence: prob=0.773 ≥ 0.7, rate=0.462 ≥ 0.1",382800.0,7164000.0,6781200.0
2024-09-26,0,0.7863,0.4633,0.3456,DIRECT,0,1200.0,36000.0,34800.0,"High confidence: prob=0.786 ≥ 0.7, rate=0.463 ≥ 0.1",417600.0,7200000.0,6782400.0
2024-09-27,0,0.786,0.4633,0.3451,DIRECT,0,1200.0,36000.0,34800.0,"High confidence: prob=0.786 ≥ 0.7, rate=0.463 ≥ 0.1",452400.0,7236000.0,6783600.0
2024-09-28,0,0.7901,0.4742,0.3581,DIRECT,0,1200.0,36000.0,34800.0,"High confidence: prob=0.790 ≥ 0.7, rate=0.474 ≥ 0.1",487200.0,7272000.0,6784800.0
2024-09-29,1,0.7841,0.4727,0.3472,DIRECT,1,1200.0,36000.0,34800.0,"High confidence: prob=0.784 ≥ 0.7, rate=0.473 ≥ 0.1",522000.0,7308000.0,6786000.0
2024-09-30,1,0.7666,0.4766,0.3202,DIRECT,1,1200.0,36000.0,34800.0,"High confidence: prob=0.767 ≥ 0.7, rate=0.477 ≥ 0.1",556800.0,7344000.0,6787200.0
2024-10-01,1,0.741,0.4875,0.2836,DIRECT,1,1200.0,36000.0,34800.0,"High confidence: prob=0.741 ≥ 0.7, rate=0.488 ≥ 0.1",591600.0,7380000.0,6788400.0
2024-10-02,1,0.7342,0.4992,0.2788,DIRECT,1,1200.0,36000.0,34800.0,"High confidence: prob=0.734 ≥ 0.7, rate=0.499 ≥ 0.1",626400.0,7416000.0,6789600.0
2024-10-03,1,0.7202,0.5117,0.2623,DIRECT,1,1200.0,36000.0,34800.0,"High confidence: prob=0.720 ≥ 0.7, rate=0.512 ≥ 0.1",661200.0,7452000.0,6790800.0
2024-10-04,0,0.6903,0.5195,0.0,USD_FALLBACK,0,36000.0,36000.0,0.0,prob=0.690 < 0.7,661200.0,7488000.0,6826800.0
2024-10-05,0,0.6669,0.5234,0.0,USD_FALLBACK,0,36000.0,36000.0,0.0,prob=0.667 < 0.7,661200.0,7524000.0,6862800.0
2024-10-06,1,0.6612,0.5289,0.0,USD_FALLBACK,0,36000.0,36000.0,0.0,prob=0.661 < 0.7,661200.0,7560000.0,6898800.0
2024-10-07,0,0.679,0.5344,0.0,USD_FALLBACK,0,36000.0,36000.0,0.0,prob=0.679 < 0.7,661200.0,7596000.0,6934800.0
2024-10-08,0,0.669,0.5367,0.0,USD_FALLBACK,0,36000.0,36000.0,0.0,prob=0.669 < 0.7,661200.0,7632000.0,6970800.0
2024-10-09,1,0.6822,0.532,0.0,USD_FALLBACK,0,36000.0,36000.0,0.0,prob=0.682 < 0.7,661200.0,7668000.0,7006800.0
2024-10-10,1,0.6788,0.5266,0.0,USD_FALLBACK,0,36000.0,36000.0,0.0,prob=0.679 < 0.7,661200.0,7704000.0,7042800.0
2024-10-11,0,0.6947,0.5234,0.0,USD_FALLBACK,0,36000.0,36000.0,0.0,prob=0.695 < 0.7,661200.0,7740000.0,7078800.0
2024-10-12,0,0.7127,0.5102,0.2491,DIRECT,0,1200.0,36000.0,34800.0,"High confidence: prob=0.713 ≥ 0.7, rate=0.510 ≥ 0.1",696000.0,7776000.0,7080000.0
2024-10-13,1,0.717,0.5023,0.2518,DIRECT,1,1200.0,36000.0,34800.0,"High confidence: prob=0.717 ≥ 0.7, rate=0.502 ≥ 0.1",730800.0,7812000.0,7081200.0
2024-10-14,0,0.7095,0.4898,0.2325,DIRECT,0,1200.0,36000.0,34800.0,"High confidence: prob=0.710 ≥ 0.7, rate=0.490 ≥ 0.1",765600.0,7848000.0,7082400.0
2024-10-15,1,0.7003,0.4961,0.2205,DIRECT,1,1200.0,36000.0,34800.0,"High confidence: prob=0.700 ≥ 0.7, rate=0.496 ≥ 0.1",800400.0,7884000.0,7083600.0
2024-10-16,0,0.707,0.4984,0.233,DIRECT,0,1200.0,36000.0,34800.0,"High confidence: prob=0.707 ≥ 0.7, rate=0.498 ≥ 0.1",835200.0,7920000.0,7084800.0
2024-10-17,1,0.7177,0.4969,0.2499,DIRECT,1,1200.0,36000.0,34800.0,"High confidence: prob=0.718 ≥ 0.7, rate=0.497 ≥ 0.1",870000.0,7956000.0,7086000.0
2024-10-18,0,0.7201,0.4961,0.2536,DIRECT,0,1200.0,36000.0,34800.0,"High confidence: prob=0.720 ≥ 0.7, rate=0.496 ≥ 0.1",904800.0,7992000.0,7087200.0
2024-10-19,0,0.6981,0.5102,0.0,USD_FALLBACK,0,36000.0,36000.0,0.0,prob=0.698 < 0.7,904800.0,8028000.0,7123200.0
2024-10-20,1,0.7035,0.5117,0.2346,DIRECT,1,1200.0,36000.0,34800.0,"High confidence: prob=0.703 ≥ 0.7, rate=0.512 ≥ 0.1",939600.0,8064000.0,7124400.0
2024-10-21,1,0.6863,0.507,0.0,USD_FALLBACK,0,36000.0,36000.0,0.0,prob=0.686 < 0.7,939600.0,8100000.0,7160400.0
2024-10-22,1,0.6827,0.5133,0.0,USD_FALLBACK,0,36000.0,36000.0,0.0,prob=0.683 < 0.7,939600.0,8136000.0,7196400.0
2024-10-23,0,0.6823,0.5133,0.0,USD_FALLBACK,0,36000.0,36000.0,0.0,prob=0.682 < 0.7,939600.0,8172000.0,7232400.0
2024-10-24,1,0.7013,0.5195,0.2352,DIRECT,1,1200.0,36000.0,34800.0,"High confidence: prob=0.701 ≥ 0.7, rate=0.520 ≥ 0.1",974400.0,8208000.0,7233600.0
2024-10-25,0,0.7175,0.5102,0.257,DIRECT,0,1200.0,36000.0,34800.0,"High confidence: prob=0.717 ≥ 0.7, rate=0.510 ≥ 0.1",1009200.0,8244000.0,7234800.0
2024-10-26,0,0.7034,0.5156,0.2366,DIRECT,0,1200.0,36000.0,34800.0,"High confidence: prob=0.703 ≥ 0.7, rate=0.516 ≥ 0.1",1044000.0,8280000.0,7236000.0
2024-10-27,1,0.6991,0.5109,0.0,USD_FALLBACK,0,36000.0,36000.0,0.0,prob=0.699 < 0.7,1044000.0,8316000.0,7272000.0
2024-10-28,1,0.6911,0.5078,0.0,USD_FALLBACK,0,36000.0,36000.0,0.0,prob=0.691 < 0.7,1044000.0,8352000.0,7308000.0
2024-10-29,0,0.6893,0.507,0.0,USD_FALLBACK,0,36000.0,36000.0,0.0,prob=0.689 < 0.7,1044000.0,8388000.0,7344000.0
2024-10-30,0,0.678,0.5094,0.0,USD_FALLBACK,0,36000.0,36000.0,0.0,prob=0.678 < 0.7,1044000.0,8424000.0,7380000.0
2024-10-31,1,0.6952,0.5148,0.0,USD_FALLBACK,0,36000.0,36000.0,0.0,prob=0.695 < 0.7,1044000.0,8460000.0,7416000.0
2024-11-01,0,0.6826,0.5156,0.0,USD_FALLBACK,0,36000.0,36000.0,0.0,prob=0.683 < 0.7,1044000.0,8496000.0,7452000.0
2024-11-02,0,0.6761,0.5172,0.0,USD_FALLBACK,0,36000.0,36000.0,0.0,prob=0.676 < 0.7,1044000.0,8532000.0,7488000.0
2024-11-03,1,0.6809,0.5164,0.0,USD_FALLBACK,0,36000.0,36000.0,0.0,prob=0.681 < 0.7,1044000.0,8568000.0,7524000.0
2024-11-04,1,0.6778,0.5227,0.0,USD_FALLBACK,0,36000.0,36000.0,0.0,prob=0.678 < 0.7,1044000.0,8604000.0,7560000.0
2024-11-05,0,0.6841,0.5273,0.0,USD_FALLBACK,0,36000.0,36000.0,0.0,prob=0.684 < 0.7,1044000.0,8640000.0,7596000.0
2024-11-06,1,0.6762,0.5258,0.0,USD_FALLBACK,0,36000.0,36000.0,0.0,prob=0.676 < 0.7,1044000.0,8676000.0,7632000.0
2024-11-07,1,0.6891,0.5242,0.0,USD_FALLBACK,0,36000.0,36000.0,0.0,prob=0.689 < 0.7,1044000.0,8712000.0,7668000.0
2024-11-08,0,0.688,0.5211,0.0,USD_FALLBACK,0,36000.0,36000.0,0.0,prob=0.688 < 0.7,1044000.0,8748000.0,7704000.0
2024-11-09,0,0.6772,0.5195,0.0,USD_FALLBACK,0,36000.0,36000.0,0.0,prob=0.677 < 0.7,1044000.0,8784000.0,7740000.0
2024-11-10,1,0.6891,0.5258,0.0,USD_FALLBACK,0,36000.0,36000.0,0.0,prob=0.689 < 0.7,1044000.0,8820000.0,7776000.0
2024-11-11,1,0.6981,0.5297,0.0,USD_FALLBACK,0,36000.0,36000.0,0.0,prob=0.698 < 0.7,1044000.0,8856000.0,7812000.0
2024-11-12,0,0.6997,0.5312,0.0,USD_FALLBACK,0,36000.0,36000.0,0.0,prob=0.700 < 0.7,1044000.0,8892000.0,7848000.0
2024-11-13,1,0.7007,0.5367,0.2438,DIRECT,1,1200.0,36000.0,34800.0,"High confidence: prob=0.701 ≥ 0.7, rate=0.537 ≥ 0.1",1078800.0,8928000.0,7849200.0
2024-11-14,1,0.6967,0.5312,0.0,USD_FALLBACK,0,36000.0,36000.0,0.0,prob=0.697 < 0.7,1078800.0,8964000.0,7885200.0
2024-11-15,0,0.6843,0.5281,0.0,USD_FALLBACK,0,36000.0,36000.0,0.0,prob=0.684 < 0.7,1078800.0,9000000.0,7921200.0
2024-11-16,0,0.6872,0.5328,0.0,USD_FALLBACK,0,36000.0,36000.0,0.0,prob=0.687 < 0.7,1078800.0,9036000.0,7957200.0
2024-11-17,1,0.6569,0.5305,0.0,USD_FALLBACK,0,36000.0,36000.0,0.0,prob=0.657 < 0.7,1078800.0,9072000.0,7993200.0
2024-11-18,0,0.6695,0.5297,0.0,USD_FALLBACK,0,36000.0,36000.0,0.0,prob=0.670 < 0.7,1078800.0,9108000.0,8029200.0
2024-11-19,0,0.6635,0.5227,0.0,USD_FALLBACK,0,36000.0,36000.0,0.0,prob=0.664 < 0.7,1078800.0,9144000.0,8065200.0
2024-11-20,0,0.6495,0.5133,0.0,USD_FALLBACK,0,36000.0,36000.0,0.0,prob=0.650 < 0.7,1078800.0,9180000.0,8101200.0
2024-11-21,1,0.6256,0.5031,0.0,USD_FALLBACK,0,36000.0,36000.0,0.0,prob=0.626 < 0.7,1078800.0,9216000.0,8137200.0
2024-11-22,0,0.6144,0.4977,0.0,USD_FALLBACK,0,36000.0,36000.0,0.0,prob=0.614 < 0.7,1078800.0,9252000.0,8173200.0
2024-11-23,0,0.5973,0.4922,0.0,USD_FALLBACK,0,36000.0,36000.0,0.0,prob=0.597 < 0.7,1078800.0,9288000.0,8209200.0
2024-11-24,0,0.6006,0.4867,0.0,USD_FALLBACK,0,36000.0,36000.0,0.0,prob=0.601 < 0.7,1078800.0,9324000.0,8245200.0
2024-11-25,0,0.5987,0.4883,0.0,USD_FALLBACK,0,36000.0,36000.0,0.0,prob=0.599 < 0.7,1078800.0,9360000.0,8281200.0
2024-11-26,0,0.5852,0.4805,0.0,USD_FALLBACK,0,36000.0,36000.0,0.0,prob=0.585 < 0.7,1078800.0,9396000.0,8317200.0
2024-11-27,1,0.5689,0.4836,0.0,USD_FALLBACK,0,36000.0,36000.0,0.0,prob=0.569 < 0.7,1078800.0,9432000.0,8353200.0
2024-11-28,1,0.6064,0.4797,0.0,USD_FALLBACK,0,36000.0,36000.0,0.0,prob=0.606 < 0.7,1078800.0,9468000.0,8389200.0
2024-11-29,0,0.6332,0.482,0.0,USD_FALLBACK,0,36000.0,36000.0,0.0,prob=0.633 < 0.7,1078800.0,9504000.0,8425200.0
2024-11-30,0,0.6423,0.4914,0.0,USD_FALLBACK,0,36000.0,36000.0,0.0,prob=0.642 < 0.7,1078800.0,9540000.0,8461200.0
2024-12-01,1,0.6367,0.4898,0.0,USD_FALLBACK,0,36000.0,36000.0,0.0,prob=0.637 < 0.7,1078800.0,9576000.0,8497200.0
2024-12-02,1,0.619,0.4867,0.0,USD_FALLBACK,0,36000.0,36000.0,0.0,prob=0.619 < 0.7,1078800.0,9612000.0,8533200.0
2024-12-03,0,0.6225,0.4898,0.0,USD_FALLBACK,0,36000.0,36000.0,0.0,prob=0.623 < 0.7,1078800.0,9648000.0,8569200.0
2024-12-04,1,0.5924,0.4914,0.0,USD_FALLBACK,0,36000.0,36000.0,0.0,prob=0.592 < 0.7,1078800.0,9684000.0,8605200.0
2024-12-05,0,0.6154,0.4953,0.0,USD_FALLBACK,0,36000.0,36000.0,0.0,prob=0.615 < 0.7,1078800.0,9720000.0,8641200.0
2024-12-06,0,0.6401,0.5055,0.0,USD_FALLBACK,0,36000.0,36000.0,0.0,prob=0.640 < 0.7,1078800.0,9756000.0,8677200.0
2024-12-07,0,0.6621,0.5203,0.0,USD_FALLBACK,0,36000.0,36000.0,0.0,prob=0.662 < 0.7,1078800.0,9792000.0,8713200.0
2024-12-08,0,0.6767,0.525,0.0,USD_FALLBACK,0,36000.0,36000.0,0.0,prob=0.677 < 0.7,1078800.0,9828000.0,8749200.0
2024-12-09,1,0.6962,0.5289,0.0,USD_FALLBACK,0,36000.0,36000.0,0.0,prob=0.696 < 0.7,1078800.0,9864000.0,8785200.0
2024-12-10,1,0.6871,0.525,0.0,USD_FALLBACK,0,36000.0,36000.0,0.0,prob=0.687 < 0.7,1078800.0,9900000.0,8821200.0
2024-12-11,0,0.6901,0.5234,0.0,USD_FALLBACK,0,36000.0,36000.0,0.0,prob=0.690 < 0.7,1078800.0,9936000.0,8857200.0
2024-12-12,0,0.6586,0.5273,0.0,USD_FALLBACK,0,36000.0,36000.0,0.0,prob=0.659 < 0.7,1078800.0,9972000.0,8893200.0
2024-12-13,0,0.6985,0.5273,0.0,USD_FALLBACK,0,36000.0,36000.0,0.0,prob=0.699 < 0.7,1078800.0,10008000.0,8929200.0
2024-12-14,0,0.749,0.5328,0.3221,DIRECT,0,1200.0,36000.0,34800.0,"High confidence: prob=0.749 ≥ 0.7, rate=0.533 ≥ 0.1",1113600.0,10044000.0,8930400.0
2024-12-15,0,0.7381,0.532,0.3034,DIRECT,0,1200.0,36000.0,34800.0,"High confidence: prob=0.738 ≥ 0.7, rate=0.532 ≥ 0.1",1148400.0,10080000.0,8931600.0
2024-12-16,1,0.7307,0.5258,0.2877,DIRECT,1,1200.0,36000.0,34800.0,"High confidence: prob=0.731 ≥ 0.7, rate=0.526 ≥ 0.1",1183200.0,10116000.0,8932800.0
2024-12-17,0,0.7287,0.5148,0.2783,DIRECT,0,1200.0,36000.0,34800.0,"High confidence: prob=0.729 ≥ 0.7, rate=0.515 ≥ 0.1",1218000.0,10152000.0,8934000.0
2024-12-18,1,0.6977,0.5078,0.0,USD_FALLBACK,0,36000.0,36000.0,0.0,prob=0.698 < 0.7,1218000.0,10188000.0,8970000.0
2024-12-19,1,0.6732,0.5148,0.0,USD_FALLBACK,0,36000.0,36000.0,0.0,prob=0.673 < 0.7,1218000.0,10224000.0,9006000.0
2024-12-20,0,0.6635,0.5156,0.0,USD_FALLBACK,0,36000.0,36000.0,0.0,prob=0.664 < 0.7,1218000.0,10260000.0,9042000.0
2024-12-21,0,0.673,0.5102,0.0,USD_FALLBACK,0,36000.0,36000.0,0.0,prob=0.673 < 0.7,1218000.0,10296000.0,9078000.0
2024-12-22,0,0.6572,0.5125,0.0,USD_FALLBACK,0,36000.0,36000.0,0.0,prob=0.657 < 0.7,1218000.0,10332000.0,9114000.0
2024-12-23,1,0.6488,0.518,0.0,USD_FALLBACK,0,36000.0,36000.0,0.0,prob=0.649 < 0.7,1218000.0,10368000.0,9150000.0
2024-12-24,1,0.6026,0.5039,0.0,USD_FALLBACK,0,36000.0,36000.0,0.0,prob=0.603 < 0.7,1218000.0,10404000.0,9186000.0
2024-12-25,1,0.5479,0.4836,0.0,USD_FALLBACK,0,36000.0,36000.0,0.0,prob=0.548 < 0.7,1218000.0,10440000.0,9222000.0
2024-12-26,0,0.552,0.4766,0.0,USD_FALLBACK,0,36000.0,36000.0,0.0,prob=0.552 < 0.7,1218000.0,10476000.0,9258000.0
2024-12-27,0,0.5608,0.4875,0.0,USD_FALLBACK,0,36000.0,36000.0,0.0,prob=0.561 < 0.7,1218000.0,10512000.0,9294000.0
2024-12-28,0,0.5596,0.4883,0.0,USD_FALLBACK,0,36000.0,36000.0,0.0,prob=0.560 < 0.7,1218000.0,10548000.0,9330000.0
2024-12-29,1,0.5582,0.4906,0.0,USD_FALLBACK,0,36000.0,36000.0,0.0,prob=0.558 < 0.7,1218000.0,10584000.0,9366000.0
2024-12-30,1,0.5789,0.5008,0.0,USD_FALLBACK,0,36000.0,36000.0,0.0,prob=0.579 < 0.7,1218000.0,10620000.0,9402000.0
2024-12-31,0,0.5911,0.5094,0.0,USD_FALLBACK,0,36000.0,36000.0,0.0,prob=0.591 < 0.7,1218000.0,10656000.0,9438000.0
2025-01-01,0,0.5616,0.5031,0.0,USD_FALLBACK,0,36000.0,36000.0,0.0,prob=0.562 < 0.7,1218000.0,10692000.0,9474000.0
2025-01-02,1,0.552,0.4984,0.0,USD_FALLBACK,0,36000.0,36000.0,0.0,prob=0.552 < 0.7,1218000.0,10728000.0,9510000.0
2025-01-03,0,0.5706,0.518,0.0,USD_FALLBACK,0,36000.0,36000.0,0.0,prob=0.571 < 0.7,1218000.0,10764000.0,9546000.0
2025-01-04,0,0.5797,0.5219,0.0,USD_FALLBACK,0,36000.0,36000.0,0.0,prob=0.580 < 0.7,1218000.0,10800000.0,9582000.0
2025-01-05,0,0.5757,0.5242,0.0,USD_FALLBACK,0,36000.0,36000.0,0.0,prob=0.576 < 0.7,1218000.0,10836000.0,9618000.0
2025-01-06,0,0.6045,0.5172,0.0,USD_FALLBACK,0,36000.0,36000.0,0.0,prob=0.604 < 0.7,1218000.0,10872000.0,9654000.0
2025-01-07,1,0.596,0.5078,0.0,USD_FALLBACK,0,36000.0,36000.0,0.0,prob=0.596 < 0.7,1218000.0,10908000.0,9690000.0
2025-01-08,1,0.5918,0.5016,0.0,USD_FALLBACK,0,36000.0,36000.0,0.0,prob=0.592 < 0.7,1218000.0,10944000.0,9726000.0
2025-01-09,1,0.5925,0.4945,0.0,USD_FALLBACK,0,36000.0,36000.0,0.0,prob=0.593 < 0.7,1218000.0,10980000.0,9762000.0
2025-01-10,0,0.5722,0.4922,0.0,USD_FALLBACK,0,36000.0,36000.0,0.0,prob=0.572 < 0.7,1218000.0,11016000.0,9798000.0
2025-01-11,0,0.6207,0.5,0.0,USD_FALLBACK,0,36000.0,36000.0,0.0,prob=0.621 < 0.7,1218000.0,11052000.0,9834000.0
2025-01-12,1,0.5989,0.5102,0.0,USD_FALLBACK,0,36000.0,36000.0,0.0,prob=0.599 < 0.7,1218000.0,11088000.0,9870000.0
2025-01-13,1,0.585,0.5055,0.0,USD_FALLBACK,0,36000.0,36000.0,0.0,prob=0.585 < 0.7,1218000.0,11124000.0,9906000.0
2025-01-14,0,0.5911,0.4953,0.0,USD_FALLBACK,0,36000.0,36000.0,0.0,prob=0.591 < 0.7,1218000.0,11160000.0,9942000.0
2025-01-15,0,0.5735,0.4938,0.0,USD_FALLBACK,0,36000.0,36000.0,0.0,prob=0.574 < 0.7,1218000.0,11196000.0,9978000.0
2025-01-16,1,0.5506,0.4828,0.0,USD_FALLBACK,0,36000.0,36000.0,0.0,prob=0.551 < 0.7,1218000.0,11232000.0,10014000.0
2025-01-17,0,0.5764,0.4867,0.0,USD_FALLBACK,0,36000.0,36000.0,0.0,prob=0.576 < 0.7,1218000.0,11268000.0,10050000.0
2025-01-18,0,0.5604,0.4977,0.0,USD_FALLBACK,0,36000.0,36000.0,0.0,prob=0.560 < 0.7,1218000.0,11304000.0,10086000.0
2025-01-19,0,0.5552,0.5055,0.0,USD_FALLBACK,0,36000.0,36000.0,0.0,prob=0.555 < 0.7,1218000.0,11340000.0,10122000.0
2025-01-20,0,0.5403,0.5141,0.0,USD_FALLBACK,0,36000.0,36000.0,0.0,prob=0.540 < 0.7,1218000.0,11376000.0,10158000.0
2025-01-21,1,0.5585,0.5109,0.0,USD_FALLBACK,0,36000.0,36000.0,0.0,prob=0.558 < 0.7,1218000.0,11412000.0,10194000.0
2025-01-22,1,0.5412,0.5094,0.0,USD_FALLBACK,0,36000.0,36000.0,0.0,prob=0.541 < 0.7,1218000.0,11448000.0,10230000.0
2025-01-23,0,0.5095,0.5109,0.0,USD_FALLBACK,0,36000.0,36000.0,0.0,prob=0.509 < 0.7,1218000.0,11484000.0,10266000.0
2025-01-24,0,0.5335,0.5102,0.0,USD_FALLBACK,0,36000.0,36000.0,0.0,prob=0.534 < 0.7,1218000.0,11520000.0,10302000.0
2025-01-25,0,0.5743,0.5164,0.0,USD_FALLBACK,0,36000.0,36000.0,0.0,prob=0.574 < 0.7,1218000.0,11556000.0,10338000.0
2025-01-26,0,0.5776,0.5094,0.0,USD_FALLBACK,0,36000.0,36000.0,0.0,prob=0.578 < 0.7,1218000.0,11592000.0,10374000.0
2025-01-27,1,0.6001,0.5078,0.0,USD_FALLBACK,0,36000.0,36000.0,0.0,prob=0.600 < 0.7,1218000.0,11628000.0,10410000.0
2025-01-28,1,0.6081,0.5016,0.0,USD_FALLBACK,0,36000.0,36000.0,0.0,prob=0.608 < 0.7,1218000.0,11664000.0,10446000.0
2025-01-29,1,0.602,0.4852,0.0,USD_FALLBACK,0,36000.0,36000.0,0.0,prob=0.602 < 0.7,1218000.0,11700000.0,10482000.0
2025-01-30,1,0.5833,0.4789,0.0,USD_FALLBACK,0,36000.0,36000.0,0.0,prob=0.583 < 0.7,1218000.0,11736000.0,10518000.0
2025-01-31,0,0.5892,0.4859,0.0,USD_FALLBACK,0,36000.0,36000.0,0.0,prob=0.589 < 0.7,1218000.0,11772000.0,10554000.0
2025-02-01,0,0.5949,0.5023,0.0,USD_FALLBACK,0,36000.0,36000.0,0.0,prob=0.595 < 0.7,1218000.0,11808000.0,10590000.0
2025-02-02,0,0.6026,0.5102,0.0,USD_FALLBACK,0,36000.0,36000.0,0.0,prob=0.603 < 0.7,1218000.0,11844000.0,10626000.0
2025-02-03,1,0.6183,0.5094,0.0,USD_FALLBACK,0,36000.0,36000.0,0.0,prob=0.618 < 0.7,1218000.0,11880000.0,10662000.0
2025-02-04,1,0.6356,0.5023,0.0,USD_FALLBACK,0,36000.0,36000.0,0.0,prob=0.636 < 0.7,1218000.0,11916000.0,10698000.0
2025-02-05,1,0.6316,0.4867,0.0,USD_FALLBACK,0,36000.0,36000.0,0.0,prob=0.632 < 0.7,1218000.0,11952000.0,10734000.0
2025-02-06,1,0.6021,0.4828,0.0,USD_FALLBACK,0,36000.0,36000.0,0.0,prob=0.602 < 0.7,1218000.0,11988000.0,10770000.0
2025-02-07,0,0.5898,0.4891,0.0,USD_FALLBACK,0,36000.0,36000.0,0.0,prob=0.590 < 0.7,1218000.0,12024000.0,10806000.0
2025-02-08,0,0.6061,0.5133,0.0,USD_FALLBACK,0,36000.0,36000.0,0.0,prob=0.606 < 0.7,1218000.0,12060000.0,10842000.0
2025-02-09,0,0.5889,0.5102,0.0,USD_FALLBACK,0,36000.0,36000.0,0.0,prob=0.589 < 0.7,1218000.0,12096000.0,10878000.0
2025-02-10,0,0.5563,0.5141,0.0,USD_FALLBACK,0,36000.0,36000.0,0.0,prob=0.556 < 0.7,1218000.0,12132000.0,10914000.0
2025-02-11,0,0.5377,0.5133,0.0,USD_FALLBACK,0,36000.0,36000.0,0.0,prob=0.538 < 0.7,1218000.0,12168000.0,10950000.0
2025-02-12,1,0.5363,0.5094,0.0,USD_FALLBACK,0,36000.0,36000.0,0.0,prob=0.536 < 0.7,1218000.0,12204000.0,10986000.0
2025-02-13,0,0.5014,0.5031,0.0,USD_FALLBACK,0,36000.0,36000.0,0.0,prob=0.501 < 0.7,1218000.0,12240000.0,11022000.0
2025-02-14,0,0.5136,0.5078,0.0,USD_FALLBACK,0,36000.0,36000.0,0.0,prob=0.514 < 0.7,1218000.0,12276000.0,11058000.0
2025-02-15,0,0.5513,0.5258,0.0,USD_FALLBACK,0,36000.0,36000.0,0.0,prob=0.551 < 0.7,1218000.0,12312000.0,11094000.0
2025-02-16,0,0.5498,0.5336,0.0,USD_FALLBACK,0,36000.0,36000.0,0.0,prob=0.550 < 0.7,1218000.0,12348000.0,11130000.0
2025-02-17,1,0.569,0.5305,0.0,USD_FALLBACK,0,36000.0,36000.0,0.0,prob=0.569 < 0.7,1218000.0,12384000.0,11166000.0
2025-02-18,1,0.5852,0.5227,0.0,USD_FALLBACK,0,36000.0,36000.0,0.0,prob=0.585 < 0.7,1218000.0,12420000.0,11202000.0
2025-02-19,0,0.6115,0.5039,0.0,USD_FALLBACK,0,36000.0,36000.0,0.0,prob=0.612 < 0.7,1218000.0,12456000.0,11238000.0
2025-02-20,0,0.625,0.5031,0.0,USD_FALLBACK,0,36000.0,36000.0,0.0,prob=0.625 < 0.7,1218000.0,12492000.0,11274000.0
2025-02-21,0,0.6215,0.4992,0.0,USD_FALLBACK,0,36000.0,36000.0,0.0,prob=0.622 < 0.7,1218000.0,12528000.0,11310000.0
2025-02-22,0,0.6133,0.4961,0.0,USD_FALLBACK,0,36000.0,36000.0,0.0,prob=0.613 < 0.7,1218000.0,12564000.0,11346000.0
2025-02-23,1,0.6171,0.5023,0.0,USD_FALLBACK,0,36000.0,36000.0,0.0,prob=0.617 < 0.7,1218000.0,12600000.0,11382000.0
2025-02-24,1,0.6171,0.4961,0.0,USD_FALLBACK,0,36000.0,36000.0,0.0,prob=0.617 < 0.7,1218000.0,12636000.0,11418000.0
2025-02-25,1,0.6105,0.4922,0.0,USD_FALLBACK,0,36000.0,36000.0,0.0,prob=0.610 < 0.7,1218000.0,12672000.0,11454000.0
2025-02-26,1,0.5997,0.4953,0.0,USD_FALLBACK,0,36000.0,36000.0,0.0,prob=0.600 < 0.7,1218000.0,12708000.0,11490000.0
2025-02-27,1,0.5919,0.4891,0.0,USD_FALLBACK,0,36000.0,36000.0,0.0,prob=0.592 < 0.7,1218000.0,12744000.0,11526000.0
