Date,USDINR_Close,USDBRL_Close,INR_BRL_synthetic
2021-03-04,72.88069915771484,5.617499828338623,12.97386762524732
2021-03-05,73.13179779052734,5.668300151824951,12.901892248416312
2021-03-08,73.1333999633789,5.689499855041504,12.854099978326726
2021-03-09,73.33000183105469,5.874599933624268,12.482552456268214
2021-03-10,72.7759017944336,5.801499843597412,12.544325391088261
2021-03-11,72.70600128173828,5.67110013961792,12.820440389302792
2021-03-12,72.63899993896484,5.534800052642822,13.12405132038696
2021-03-15,72.68299865722656,5.495155811309815,13.226740269608838
2021-03-16,72.51529693603516,5.614500045776367,12.91571757855562
2021-03-17,72.5156021118164,5.6234002113342285,12.895330118183264
2021-03-18,72.29560089111328,5.583099842071533,12.949007350061821
2021-03-19,72.6688003540039,5.558700084686279,13.072984555184034
2021-03-22,72.40499877929688,5.493563175201416,13.179970170570073
2021-03-23,72.38050079345703,5.505499839782715,13.146944491839939
2021-03-24,72.61219787597656,5.520400047302246,13.153430413337759
2021-03-25,72.64559936523438,5.61959981918335,12.927183732415909
2021-03-26,72.61280059814453,5.648399829864502,12.855463987202624
2021-03-29,72.44719696044922,5.752399921417236,12.594255954061028
2021-03-30,72.74189758300781,5.780799865722656,12.583362038587781
2021-03-31,73.44529724121094,5.771599769592285,12.725292843096643
2021-04-01,73.20349884033203,5.63129997253418,12.99939608924602
2021-04-02,73.28730010986328,5.707399845123291,12.840750972175865
2021-04-05,73.3759994506836,5.710599899291992,12.84908779194649
2021-04-06,73.27950286865234,5.662700176239014,12.940735088913408
2021-04-07,73.48999786376953,5.593200206756592,13.139168123285403
2021-04-08,74.40149688720703,5.612100124359131,13.257335977358967
2021-04-09,74.54450225830078,5.566599845886231,13.39138869724754
2021-04-12,74.72949981689453,5.679299831390381,13.15822408316125
2021-04-13,74.99099731445312,5.732200145721436,13.082410838432962
2021-04-14,75.18150329589844,5.716300010681152,13.15212692745632
2021-04-15,75.0261001586914,5.652900218963623,13.272143015545097
2021-04-16,74.72740173339844,5.614999771118164,13.30853157248078
2021-04-19,74.56320190429688,5.5858001708984375,13.348705578972385
2021-04-20,74.8781967163086,5.545300006866455,13.503001933816176
2021-04-21,75.44920349121094,5.56790018081665,13.550746428817034
2021-04-22,75.42949676513672,5.56790018081665,13.547207082666016
2021-04-23,75.0916976928711,5.44320011138916,13.795505613646625
2021-04-26,74.86810302734375,5.477200031280518,13.669046702652613
2021-04-27,74.81490325927734,5.435299873352051,13.764632127488781
2021-04-28,74.57499694824219,5.451000213623047,13.680974871706228
2021-04-29,74.31179809570312,5.341400146484375,13.912419226747874
2021-04-30,74.10579681396484,5.336400032043457,13.886851879353516
2021-05-03,74.09480285644531,5.439700126647949,13.621119019680961
2021-05-04,73.8375015258789,5.43809986114502,13.577812730774685
2021-05-05,73.77890014648438,5.442599773406982,13.555819501366704
2021-05-06,73.79940032958984,5.352700233459473,13.787321746185846
2021-05-07,73.61519622802734,5.273430824279785,13.959640067542042
2021-05-10,73.29029846191406,5.235499858856201,13.9987203586566
2021-05-11,73.5,5.2221999168396,14.074528200843208
2021-05-12,73.3750991821289,5.221199989318848,14.053301795034544
2021-05-13,73.68160247802734,5.303100109100342,13.894062145194399
2021-05-14,73.44490051269531,5.307700157165527,13.837424560153963
2021-05-17,73.27890014648438,5.269499778747559,13.906234599729146
2021-05-18,73.26969909667969,5.271500110626221,13.899212284750519
2021-05-19,73.1281967163086,5.259500026702881,13.904020599872837
2021-05-20,73.222900390625,5.308000087738037,13.794818986491082
2021-05-21,73.02189636230469,5.281300067901611,13.826500184322619
2021-05-24,72.90979766845703,5.361800193786621,13.59800720529396
2021-05-25,72.83660125732422,5.31850004196167,13.69495171244922
2021-05-26,72.80490112304688,5.330699920654297,13.657662634686574
2021-05-27,72.67250061035156,5.310500144958496,13.684681033168399
2021-05-28,72.68299865722656,5.2382001876831055,13.875567189686729
2021-05-31,72.39350128173828,5.23799991607666,13.820829026656819
2021-06-01,72.48719787597656,5.216599941253662,13.895487231584854
2021-06-02,72.8550033569336,5.149700164794922,14.14742626279387
2021-06-03,72.96510314941406,5.07450008392334,14.378776616947306
2021-06-04,73.04419708251953,5.076300144195557,14.389258910555391
2021-06-07,72.90969848632812,5.044600009918213,14.453018741422513
2021-06-08,72.80940246582031,5.045199871063232,14.431420821089564
2021-06-09,72.97530364990234,5.034900188446045,14.49389281189012
2021-06-10,72.98529815673828,5.061500072479248,14.419697147408767
2021-06-11,73.01229858398438,5.054500102996826,14.445008823067427
2021-06-14,73.23159790039062,5.117000102996826,14.31143178158268
2021-06-15,73.18080139160156,5.058599948883057,14.466611736664401
2021-06-16,73.3447036743164,5.043799877166748,14.541557052322286
2021-06-17,73.8240966796875,5.054299831390381,14.606196534125939
2021-06-18,74.25389862060547,5.007400035858154,14.828832945015554
2021-06-21,74.1438980102539,5.0960001945495605,14.549429980311753
2021-06-22,74.13520050048828,5.0131001472473145,14.788294333436728
2021-06-23,74.33219909667969,4.957099914550781,14.995098016582094
2021-06-24,74.24690246582031,4.965199947357178,14.953456709299218
2021-06-25,74.19029998779297,4.912700176239014,15.101735771831773
2021-06-28,74.21299743652344,4.91540002822876,15.098058552777795
2021-06-29,74.285400390625,4.924799919128418,15.083942822142486
2021-06-30,74.28759765625,4.955100059509277,14.992148849483977
2021-07-01,74.37100219726562,4.969200134277344,14.966393018517694
2021-07-02,74.54499816894531,5.045102119445801,14.775716408518209
2021-07-05,74.48179626464844,5.059199810028076,14.722050731622536
2021-07-06,74.31780242919922,5.088459014892578,14.605168718405828
2021-07-07,74.76290130615234,5.195300102233887,14.390487524292508
2021-07-08,74.8218994140625,5.231200218200684,14.303008161251022
2021-07-09,74.72139739990234,5.257999897003174,14.210992556787652
2021-07-12,74.4905014038086,5.257900238037109,14.167347806434902
2021-07-13,74.54170227050781,5.172699928283691,14.410598585648259
2021-07-14,74.65910339355469,5.162399768829346,14.462092580343656
2021-07-15,74.46910095214844,5.069900035858154,14.68847520176864
2021-07-16,74.53700256347656,5.110000133514404,14.58649718512115
2021-07-19,74.63179779052734,5.1153998374938965,14.58963134093746
2021-07-20,74.99340057373047,5.250899791717529,14.282009474265877
2021-07-21,74.5270004272461,5.219900131225586,14.277476302932222
2021-07-22,74.44020080566406,5.187300205230713,14.350470931025136
2021-07-23,74.4520034790039,5.1996002197265625,14.318793817367597
2021-07-26,74.44889831542969,5.19789981842041,14.322880570263466
2021-07-27,74.28949737548828,5.1753997802734375,14.354349524581705
2021-07-28,74.5022964477539,5.169099807739258,14.413011785187024
2021-07-29,74.38999938964844,5.114799976348877,14.5440681421819
2021-07-30,74.25199890136719,5.080399990081787,14.61538442766823
2021-08-02,74.37909698486328,5.208700180053711,14.279780830866772
2021-08-03,74.33200073242188,5.174600124359131,14.36478161520313
2021-08-04,74.21440124511719,5.196800231933594,14.280787779580272
2021-08-05,74.18399810791016,5.1682000160217285,14.353933260697213
2021-08-06,74.08200073242188,5.245200157165527,14.123770020714579
2021-08-09,74.49140167236328,5.23199987411499,14.23765356740643
2021-08-10,74.46620178222656,5.231800079345703,14.233380605693828
2021-08-11,74.43550109863281,5.188300132751465,14.346799374375841
2021-08-12,74.10299682617188,5.218200206756592,14.200872693658319
2021-08-13,74.26010131835938,5.252200126647949,14.13885600847307
2021-08-16,74.216796875,5.247499942779541,14.143267781664465
2021-08-17,74.13500213623047,5.259699821472168,14.09491124067236
2021-08-18,74.364501953125,5.294300079345703,14.046144124553543
2021-08-19,74.2697982788086,5.378600120544434,13.808388170580498
2021-08-20,74.4292984008789,5.414100170135498,13.74730722778928
2021-08-23,74.30149841308594,5.379000186920166,13.813254476874906
2021-08-24,74.10590362548828,5.379899978637695,13.774587616822844
2021-08-25,74.1447982788086,5.245800018310547,14.13412597125415
2021-08-26,74.0999984741211,5.210999965667725,14.219919202134577
2021-08-27,74.15599822998047,5.251599788665772,14.120649176280935
2021-08-30,73.49659729003906,5.2027997970581055,14.126355069744815
2021-08-31,73.41120147705078,5.182899951934815,14.164117030591306
2021-09-01,72.99669647216797,5.1493000984191895,14.176042389640022
2021-09-02,72.98509979248047,5.184599876403809,14.07728687504909
2021-09-03,73.0542984008789,5.18179988861084,14.098247707605635
2021-09-06,72.99449920654297,5.189799785614014,14.064993298755333
2021-09-07,73.11000061035156,5.169300079345703,14.143114055705073
2021-09-08,73.3904037475586,5.169600009918213,14.196534278620076
2021-09-09,73.78900146484375,5.3206000328063965,13.868548849728722
2021-09-10,73.53800201416016,5.196499824523926,14.151448955527925
2021-09-13,73.52429962158203,5.247000217437744,14.012635139071138
2021-09-14,73.54080200195312,5.213200092315674,14.106652478264404
2021-09-15,73.65080261230469,5.238900184631348,14.058447387175667
2021-09-16,73.43800354003906,5.221700191497803,14.064002307067339
2021-09-17,73.56490325927734,5.256800174713135,13.99423619203707
2021-09-20,73.69609832763672,5.289700031280518,13.931999525840135
2021-09-21,73.65899658203125,5.323200225830078,13.837352242474623
2021-09-22,73.7927017211914,5.268899917602539,14.00533372719075
2021-09-23,73.8749008178711,5.287700176239014,13.971083525090515
2021-09-24,73.83999633789062,5.3018999099731445,13.927082289688988
2021-09-27,73.81289672851562,5.336999893188477,13.830410006700916
2021-09-28,73.82530212402344,5.390399932861328,13.695700327162097
2021-09-29,74.16329956054688,5.427599906921387,13.664105835430558
2021-09-30,74.3219985961914,5.414299964904785,13.726982080406108
2021-10-01,74.25440216064453,5.441699981689453,13.645442124795567
2021-10-04,74.152099609375,5.367899894714356,13.813987045919172
2021-10-05,74.57279968261719,5.453199863433838,13.675053464051704
2021-10-06,74.56320190429688,5.475500106811523,13.617605780253795
2021-10-07,74.76000213623047,5.491899967193604,13.612775648285032
2021-10-08,74.83000183105469,5.517000198364258,13.56353074869222
2021-10-11,75.30580139160156,5.506899833679199,13.674808633896872
2021-10-12,75.40260314941406,5.535999774932861,13.620412972348525
2021-10-13,75.48390197753906,5.531499862670898,13.646190699007171
2021-10-14,75.3062973022461,5.512499809265137,13.661006786009317
2021-10-15,74.99500274658203,5.512199878692627,13.605276368238156
2021-10-18,75.00589752197266,5.458399772644043,13.741371216135729
2021-10-19,75.2354965209961,5.511300086975098,13.651134094258591
2021-10-20,75.12010192871094,5.5833001136779785,13.454426665097508
2021-10-21,74.80919647216797,5.59630012512207,13.367616961132187
2021-10-22,74.86540222167969,5.657800197601318,13.232245679764308
2021-10-25,74.99369812011719,5.649199962615967,13.275100654321673
2021-10-26,75.08989715576172,5.554399967193604,13.518993518520663
2021-10-27,74.88890075683594,5.564799785614014,13.457609193854003
2021-10-28,75.05000305175781,5.534999847412109,13.55916985017578
2021-10-29,74.79720306396484,5.644899845123291,13.250403924984287
2021-11-01,74.92829895019531,5.633699893951416,13.300016039306882
2021-11-02,74.82990264892578,5.678899765014648,13.176831031588522
2021-11-03,74.71199798583984,5.678599834442139,13.156764020012954
2021-11-04,74.43550109863281,5.5524001121521,13.40600453769924
2021-11-05,74.47810363769531,5.6016998291015625,13.295625597568051
2021-11-08,74.19110107421875,5.541100025177002,13.389236927165708
2021-11-09,73.91850280761719,5.543099880218506,13.335228374904073
2021-11-10,74.17479705810547,5.479100227355957,13.537769703092275
2021-11-11,74.40489959716797,5.4899001121521,13.553051617910121
2021-11-12,74.32209777832031,5.3979997634887695,13.76845146993585
2021-11-15,74.33999633789062,5.457600116729736,13.621371069310975
2021-11-16,74.43509674072266,5.456299781799316,13.642046756488204
2021-11-17,74.45860290527344,5.502200126647949,13.532514483553529
2021-11-18,74.25980377197266,5.52869987487793,13.431693789240507
2021-11-19,74.17440032958984,5.556399822235107,13.349363383240586
2021-11-22,74.30259704589844,5.611599922180176,13.240893519905631
2021-11-23,74.42980194091797,5.585599899291992,13.325301361157713
2021-11-24,74.4469985961914,5.570400238037109,13.364748566509638
2021-11-25,74.625,5.605199813842773,13.313530735461706
2021-11-26,74.50579833984375,5.565100193023682,13.388042578863718
2021-11-29,74.98159790039062,5.607800006866455,13.370947217907132
2021-11-30,75.05490112304688,5.6006999015808105,13.400986027096803
2021-12-01,75.0509033203125,5.620871067047119,13.352183749651442
2021-12-02,75.01789855957031,5.6915669441223145,13.180535219223128
2021-12-03,74.9834976196289,5.643321990966797,13.287120199707577
2021-12-06,75.23400115966797,5.65009880065918,13.315519571249029
2021-12-07,75.39129638671875,5.688000202178955,13.254446854245524
2021-12-08,75.40859985351562,5.611800193786621,13.437506192221159
2021-12-09,75.38330078125,5.531599998474121,13.627757032692948
2021-12-10,75.59919738769531,5.571100234985352,13.569886413629407
2021-12-13,75.70999908447266,5.60866117477417,13.498764986016665
2021-12-14,75.82689666748047,5.679699897766113,13.350511124241617
2021-12-15,76.04720306396484,5.680600166320801,13.38717755825067
2021-12-16,76.2114028930664,5.679399967193604,13.418918078193602
2021-12-17,76.1675033569336,5.687399864196777,13.392324291531173
2021-12-20,76.00599670410156,5.693059921264648,13.350640561537897
2021-12-21,75.75869750976562,5.741300106048584,13.195390610212518
2021-12-22,75.6864013671875,5.74399995803833,13.176602005588393
2021-12-23,75.45850372314453,5.652999877929688,13.348400026992373
2021-12-24,75.06739807128906,5.671795845031738,13.235208057963694
2021-12-27,75.31500244140625,5.67110013961792,13.280492424258348
2021-12-28,74.98030090332031,5.624100208282471,13.331963892268263
2021-12-29,74.74500274658203,5.627500057220459,13.282097198858168
2021-12-30,74.57029724121094,5.702700138092041,13.076313927696715
2021-12-31,74.43119812011719,5.570199966430664,13.362392475796888
2022-01-03,74.51380157470703,5.569300174713135,13.379383268481325
2022-01-04,74.4032974243164,5.68120002746582,13.096405172254611
2022-01-05,74.53489685058594,5.676199913024902,13.131126104201211
2022-01-06,74.43009948730469,5.705635070800781,13.045015771900477
2022-01-07,74.41929626464844,5.682400226593018,13.09645454334142
2022-01-10,74.2699966430664,5.632199764251709,13.186676565427874
2022-01-11,74.05699920654297,5.662199974060059,13.079191753349658
2022-01-12,73.81529998779297,5.567299842834473,13.25872542733597
2022-01-13,73.79910278320312,5.533199787139893,13.33750914881565
2022-01-14,73.97229766845703,5.526700019836426,13.384532795873803
2022-01-17,74.37899780273438,5.533299922943115,13.442068718222094
2022-01-18,74.25509643554688,5.5157999992370605,13.462253244464586
2022-01-19,74.61969757080078,5.565700054168701,13.407064132913655
2022-01-20,74.44920349121094,5.43720006942749,13.692562815524656
2022-01-21,74.45220184326172,5.418099880218506,13.741386000484573
2022-01-24,74.41320037841797,5.457099914550781,13.636034073703327
2022-01-25,74.6447982788086,5.486100196838379,13.606167514371345
2022-01-26,74.77999877929688,5.440703868865967,13.744544930522684
2022-01-27,74.8949966430664,5.429166793823242,13.794933824518777
2022-01-28,75.20929718017578,5.40348482131958,13.91866539227346
2022-01-31,75.03900146484375,5.362599849700928,13.993026436426852
2022-02-01,74.55580139160156,5.303100109100342,14.058908913233731
2022-02-02,74.74549865722656,5.264500141143799,14.198023868033724
2022-02-03,74.82240295410156,5.260900020599365,14.222357897152582
2022-02-04,74.6438980102539,5.282899856567383,14.12934184574048
2022-02-07,74.64219665527344,5.326900005340576,14.01231421285168
2022-02-08,74.6583023071289,5.262599945068359,14.186581364044597
2022-02-09,74.69519805908203,5.258399963378906,14.204928985866816
2022-02-10,74.80889892578125,5.234499931335449,14.291508244741856
2022-02-11,75.53839874267578,5.248700141906738,14.391829729338344
2022-02-14,75.34100341796875,5.249956130981445,14.35078723293717
2022-02-15,75.6854019165039,5.214000225067139,14.515803346657764
2022-02-16,75.17479705810547,5.157899856567383,14.574691085246235
2022-02-17,75.04199981689453,5.135799884796143,14.61155058612125
2022-02-18,75.06300354003906,5.170599937438965,14.517271583231075
2022-02-21,74.68240356445312,5.137499809265137,14.536721428148457
2022-02-22,74.51699829101562,5.102700233459473,14.603444231819083
2022-02-23,74.62300109863281,5.05709981918335,14.756086248399063
2022-02-24,74.63300323486328,5.008699893951416,14.900673790616056
2022-02-25,75.4083023071289,5.122200012207031,14.721858210811511
2022-02-28,75.06800079345703,5.15939998626709,14.549754039862677
2022-03-01,75.28479766845703,5.158400058746338,14.594602359467585
2022-03-02,75.80120086669922,5.158999919891357,14.693002916017782
2022-03-03,75.63099670410156,5.096502780914307,14.839783270074749
2022-03-04,75.8917007446289,5.030900001525879,15.0851141389435
2022-03-07,76.41799926757812,5.06056022644043,15.100699497322282
2022-03-08,77.08080291748047,5.110499858856201,15.082830456184025
2022-03-09,76.91449737548828,5.058800220489502,15.204098605033636
2022-03-10,76.13490295410156,5.011499881744385,15.192039259831489
2022-03-11,76.310302734375,5.009699821472168,15.232510021319039
2022-03-14,76.75370025634766,5.073500156402588,15.128352792004362
2022-03-15,76.49009704589844,5.121399879455566,14.93538853561065
2022-03-16,76.26589965820312,5.1631999015808105,14.7710530508131
2022-03-17,76.02420043945312,5.073874950408936,14.983459620605322
2022-03-18,75.98159790039062,5.039400100708008,15.077508509339362
2022-03-21,75.94640350341797,5.0177998542785645,15.135399120923523
2022-03-22,76.30709838867188,4.935200214385986,15.461803994544857
2022-03-23,76.10189819335938,4.909999847412109,15.49936874915995
2022-03-24,76.55239868164062,4.82420015335083,15.868412637993114
2022-03-25,76.32350158691406,4.826300144195557,15.814081036527742
2022-03-28,76.27850341796875,4.7368998527526855,16.103043296058313
2022-03-29,76.03410339355469,4.764100074768066,15.959803992416406
2022-03-30,75.66670227050781,4.756199836730957,15.909067084640252
2022-03-31,75.82779693603516,4.769700050354004,15.897812469446013
2022-04-01,75.9092025756836,4.737800121307373,16.022035677338117
2022-04-04,75.99479675292969,4.657199859619141,16.317701417938384
2022-04-05,75.47799682617188,4.593800067901611,16.430405265906412
2022-04-06,75.45069885253906,4.650700092315674,16.22351417095371
2022-04-07,75.94509887695312,4.715199947357178,16.106442934518522
2022-04-08,75.91320037841797,4.752099990844727,15.974663943239912
2022-04-11,75.91729736328125,4.698100090026856,16.15914857251312
2022-04-12,75.83699798583984,4.693600177764893,16.157532621782384
2022-04-13,76.1498031616211,4.673099994659424,16.295350676991216
2022-04-14,76.12169647216797,4.690199851989746,16.22994731021419
2022-04-15,76.30879974365234,4.701000213623047,16.23246038630604
2022-04-18,76.3313980102539,4.7006001472473145,16.238649453081816
2022-04-19,76.28019714355469,4.651999950408936,16.39729104830477
2022-04-20,76.44539642333984,4.664999961853027,16.387009013602277
2022-04-21,76.27619934082031,4.620800018310547,16.507141412431945
2022-04-22,76.28520202636719,4.620800018310547,16.509089708292226
2022-04-25,76.4635009765625,4.795199871063232,15.94584230742573
2022-04-26,76.52780151367188,4.876200199127197,15.694146751269518
2022-04-27,76.79409790039062,4.997799873352051,15.365580824844917
2022-04-28,76.47219848632812,4.963600158691406,15.406599250832707
2022-04-29,76.58899688720703,4.93779993057251,15.510753364672468
2022-05-02,76.52310180664062,4.97130012512207,15.39297565639564
2022-05-03,76.52410125732422,5.084700107574463,15.049875044415993
2022-05-04,76.46730041503906,4.958099842071533,15.422702819774283
2022-05-05,76.00160217285156,4.918799877166748,15.451249099532149
2022-05-06,76.54180145263672,5.027999877929688,15.223111239245554
2022-05-09,76.9574966430664,5.080399990081787,15.147920792320823
2022-05-10,77.3655014038086,5.160900115966797,14.990699231797791
2022-05-11,77.27140045166016,5.13129997253418,15.058835161706277
2022-05-12,77.41840362548828,5.134252071380615,15.078808470864628
2022-05-13,77.44380187988281,5.133399963378906,15.086259093847765
2022-05-16,77.48629760742188,5.058300018310547,15.318644075465892
2022-05-17,77.8053970336914,5.059700012207031,15.377472349344451
2022-05-18,77.37239837646484,4.93809986114502,15.668455590633629
2022-05-19,77.81999969482422,4.96750020980835,15.66582715812841
2022-05-20,77.42109680175781,4.929999828338623,15.704076977188903
2022-05-23,77.81839752197266,4.880199909210205,15.945739717569586
2022-05-24,77.52680206298828,4.813499927520752,16.106118880304905
2022-05-25,77.47879791259766,4.817800045013428,16.081779482066842
2022-05-26,77.49729919433594,4.822800159454346,16.06894265407506
2022-05-27,77.63020324707031,4.768199920654297,16.280819709509544
2022-05-30,77.69200134277344,4.729599952697754,16.426759582162564
2022-05-31,77.5208969116211,4.752399921417236,16.311947267372062
2022-06-01,77.5989990234375,4.730400085449219,16.40432048488524
2022-06-02,77.58409881591797,4.815499782562256,16.1113284849193
2022-06-03,77.3604965209961,4.795700073242188,16.13122074765106
2022-06-06,77.69419860839844,4.775000095367432,16.27103603281079
2022-06-07,77.82099914550781,4.7941999435424805,16.232322402474754
2022-06-08,77.67060089111328,4.867526054382324,15.956894739409766
2022-06-09,77.72429656982422,4.898099899291992,15.868254663621514
2022-06-10,77.8187026977539,4.903299808502197,15.870680100535205
2022-06-13,78.17759704589844,4.984000205993652,15.685713044691235
2022-06-14,78.16059875488281,5.113399982452393,15.285445891795247
2022-06-15,77.9854965209961,5.116099834442139,15.243153778194333
2022-06-16,77.90019989013672,5.052000045776367,15.419675214623911
2022-06-17,77.97769927978516,5.052199840545654,15.434405158320757
2022-06-20,77.9614028930664,5.152100086212158,15.131965914579874
2022-06-21,77.93399810791016,5.18720006942749,15.024289995529651
2022-06-22,78.13490295410156,5.122799873352051,15.252382463844874
2022-06-23,78.19309997558594,5.193600177764893,15.055664144180803
2022-06-24,78.14240264892578,5.23799991607666,14.918366533204454
2022-06-27,78.2522964477539,5.241399765014648,14.92965619033167
2022-06-28,78.44110107421875,5.236800193786621,14.978822596150957
2022-06-29,79.07319641113281,5.266600131988525,15.01408772822039
2022-06-30,78.89830017089844,5.180900096893311,15.228685883792513
2022-07-01,78.96299743652344,5.251999855041504,15.0348437958781
2022-07-04,78.95069885253906,5.330999851226807,14.809735707340224
2022-07-05,78.93949890136719,5.3282999992370605,14.815137832455049
2022-07-06,79.36840057373047,5.385200023651123,14.738245603720271
2022-07-07,79.04389953613281,5.427999973297119,14.56225127578977
2022-07-08,79.22160339355469,5.338200092315674,14.84050841548521
2022-07-11,79.3313980102539,5.254000186920166,15.099237759402717
2022-07-12,79.47779846191406,5.377200126647949,14.78051710741499
2022-07-13,79.47640228271484,5.436500072479248,14.619038208983344
2022-07-14,79.80750274658203,5.390900135040283,14.804114479480276
2022-07-15,79.87830352783203,5.422800064086914,14.730084565874893
2022-07-18,79.72049713134766,5.410099983215332,14.735494238309464
2022-07-19,80.0302963256836,5.436800003051758,14.720110410675652
2022-07-20,79.85590362548828,5.413099765777588,14.75234284990442
2022-07-21,80.00340270996094,5.470200061798096,14.625315675138802
2022-07-22,79.7759017944336,5.497799873352051,14.51051395688465
2022-07-25,79.87680053710938,5.496699810028076,14.5317742095691
2022-07-26,79.72250366210938,5.356299877166748,14.88387608803545
2022-07-27,79.84120178222656,5.350100040435791,14.923310065006396
2022-07-28,79.84739685058594,5.243000030517578,15.229333661228983
2022-07-29,79.57150268554688,5.182700157165527,15.353290808369929
2022-08-01,79.1948013305664,5.171199798583984,15.314589343898897
2022-08-02,78.95570373535156,5.184000015258789,15.230652681896267
2022-08-03,78.60449981689453,5.277699947357178,14.893703810550265
2022-08-04,79.11830139160156,5.282700061798096,14.976867977749947
2022-08-05,79.15489959716797,5.211100101470947,15.18967167313189
2022-08-08,79.41059875488281,5.164599895477295,15.375943996053532
2022-08-09,79.60189819335938,5.110099792480469,15.57736667109591
2022-08-10,79.57839965820312,5.123700141906738,15.531431866461402
2022-08-11,79.0978012084961,5.093699932098389,15.528555325776944
2022-08-12,79.61399841308594,5.1570000648498535,15.438044873362612
2022-08-15,79.62760162353516,5.074900150299072,15.690476514861592
2022-08-16,79.55290222167969,5.095600128173828,15.612077129409686
2022-08-17,79.14600372314453,5.1417388916015625,15.392847710026738
2022-08-18,79.35970306396484,5.164999961853027,15.36489906100469
2022-08-19,79.7667007446289,5.166999816894531,15.437720838273663
2022-08-22,79.91790008544922,5.168399810791016,15.462793710074436
2022-08-23,79.88379669189453,5.156099796295166,15.493066435466158
2022-08-24,79.85449981689453,5.103499889373779,15.647007259305145
2022-08-25,79.79679870605469,5.110099792480469,15.61550692678761
2022-08-26,79.88289642333984,5.108699798583984,15.636639374558976
2022-08-29,79.95909881591797,5.0625,15.794389889564043
2022-08-30,79.96790313720703,5.027200222015381,15.907045593093223
2022-08-31,79.68229675292969,5.1219000816345215,15.557175166037435
2022-09-01,79.54879760742188,5.181700229644775,15.351871795346069
2022-09-02,79.716796875,5.2403998374938965,15.211968427417318
2022-09-05,79.72450256347656,5.171000003814697,15.417617966479021
2022-09-06,79.78299713134766,5.153900146484375,15.48012085289816
2022-09-07,79.89510345458984,5.247200012207031,15.22623556729736
2022-09-08,79.6498031616211,5.246699810028076,15.180933929054895
2022-09-09,79.706298828125,5.2133002281188965,15.28902908722087
2022-09-12,79.65579986572266,5.146299839019775,15.478266396715593
2022-09-13,79.35530090332031,5.0920000076293945,15.584308873609872
2022-09-14,79.60240173339844,5.189799785614014,15.338241362230228
2022-09-15,79.45369720458984,5.162700176239014,15.389949927805267
2022-09-16,79.8490982055664,5.246099948883057,15.220658962581721
2022-09-19,79.68949890136719,5.250699996948242,15.176928590032471
2022-09-20,79.7074966430664,5.170899868011475,15.414627758730665
2022-09-21,79.76270294189453,5.141499996185303,15.513508314903019
2022-09-22,80.05069732666016,5.170400142669678,15.482495574380609
2022-09-23,81.06220245361328,5.115499973297119,15.846388989689672
2022-09-26,81.25479888916016,5.258800029754639,15.451205299576923
2022-09-27,81.61579895019531,5.389400005340576,15.143763474471905
2022-09-28,81.72460174560547,5.378099918365479,15.19581320282412
2022-09-29,81.42870330810547,5.374199867248535,15.151781719981892
2022-09-30,81.48059844970703,5.396200180053711,15.099624871384222
2022-10-03,81.52130126953125,5.414299964904785,15.056665090214459
2022-10-04,81.49500274658203,5.16349983215332,15.782900241249044
2022-10-05,81.46549987792969,5.17579984664917,15.73969285745675
2022-10-06,81.6488037109375,5.195199966430664,15.716200384685846
2022-10-07,82.3489990234375,5.220099925994873,15.775368324533177
2022-10-10,82.8322982788086,5.198400020599365,15.93419089538596
2022-10-11,82.42070007324219,5.186800003051758,15.890471972073016
2022-10-12,82.2739028930664,5.292099952697754,15.546551204333477
2022-10-13,82.19999694824219,5.291500091552734,15.534346693003926
2022-10-14,82.19210052490234,5.259799957275391,15.626468913749026
2022-10-17,82.41280364990234,5.327400207519531,15.469610023586764
2022-10-18,82.1947021484375,5.277359008789063,15.57496884550551
2022-10-19,82.2863998413086,5.239799976348877,15.704110884523923
2022-10-20,82.99700164794922,5.269199848175049,15.751348219729161
2022-10-21,82.82569885253906,5.216599941253662,15.877333854478833
2022-10-24,82.54129791259766,5.163400173187256,15.98584172135678
2022-10-25,82.7614974975586,5.30620002746582,15.597131104966001
2022-10-26,82.44529724121094,5.315199851989746,15.511231851488619
2022-10-27,82.04959869384766,5.383900165557861,15.239806863199135
2022-10-28,82.44249725341797,5.339200019836426,15.440983096179963
2022-10-31,82.23919677734375,5.28849983215332,15.550571880014296
2022-11-01,82.72899627685547,5.178800106048584,15.974549042785426
2022-11-02,82.68450164794922,5.142399787902832,16.078971892161952
2022-11-03,82.88839721679688,5.142600059509277,16.117994060908238
2022-11-04,82.68180084228516,5.1149001121521,16.16489061943708
2022-11-07,81.9749984741211,5.078132152557373,16.14274619317224
2022-11-08,81.82599639892578,5.153326988220215,15.878285345752088
2022-11-09,81.40519714355469,5.14300012588501,15.828348269687519
2022-11-10,81.34380340576172,5.185200214385986,15.687688043381401
2022-11-11,80.48290252685547,5.341579914093018,15.067246736216095
2022-11-14,80.49700164794922,5.279058933258057,15.24836200270816
2022-11-15,80.99199676513672,5.331200122833252,15.192075873920437
2022-11-16,81.07140350341797,5.331699848175049,15.205545287994287
2022-11-17,81.49530029296875,5.39900016784668,15.094517088239336
2022-11-18,81.52490234375,5.422100067138672,15.035669082878432
2022-11-21,81.5198974609375,5.38129997253418,15.148736899449945
2022-11-22,81.72769927978516,5.318600177764893,15.366392762790959
2022-11-23,81.71499633789062,5.357699871063232,15.251880154622086
2022-11-24,81.63289642333984,5.35830020904541,15.23484934374046
2022-11-25,81.65540313720703,5.320000171661377,15.348759492935685
2022-11-28,81.6697006225586,5.4085001945495605,15.100249179035176
2022-11-29,81.65029907226562,5.364699840545654,15.219919380235226
2022-11-30,81.63089752197266,5.268199920654297,15.49502652735971
2022-12-01,81.3052978515625,5.181589126586914,15.691189684334907
2022-12-02,81.16220092773438,5.183599948883057,15.657497053803874
2022-12-05,81.42250061035156,5.2179999351501465,15.604158992387694
2022-12-06,81.89900207519531,5.28000020980835,15.511174019094979
2022-12-07,82.37220001220703,5.234000205993652,15.737905382173944
2022-12-08,82.25350189208984,5.203999996185303,15.805822819443557
2022-12-09,82.2791976928711,5.224299907684326,15.749325105139569
2022-12-12,82.41300201416016,5.235000133514404,15.742693392986403
2022-12-13,82.64469909667969,5.321300029754639,15.530922638182906
2022-12-14,82.40249633789062,5.292799949645996,15.56879102211336
2022-12-15,82.50800323486328,5.277200222015381,15.634806291915373
2022-12-16,82.85790252685547,5.311800003051758,15.5988370193252
2022-12-19,82.72599792480469,5.306509017944336,15.589533089468212
2022-12-20,82.58190155029297,5.291600227355957,15.606224582758493
2022-12-21,82.63690185546875,5.198400020599365,15.896603094800096
2022-12-22,82.87860107421875,5.199900150299072,15.938498563179524
2022-12-23,82.8749008178711,5.165599822998047,16.04361616416728
2022-12-26,82.6041030883789,5.164299964904785,15.995217870715202
2022-12-27,82.90290069580078,5.21750020980835,15.889390965419048
2022-12-28,82.7761001586914,5.292300224304199,15.640854949715996
2022-12-29,82.85199737548828,5.2667999267578125,15.730993872495763
2022-12-30,82.83509826660156,5.284599781036377,15.67481014623903
2023-01-02,82.74980163574219,5.2855000495910645,15.656002432947567
2023-01-03,82.70600128173828,5.360130786895752,15.429847623109278
2023-01-04,82.78569793701172,5.478499889373779,15.111015717566174
2023-01-05,82.66649627685547,5.430099964141846,15.22375220028197
2023-01-06,82.64520263671875,5.349800109863281,15.448278615933338
2023-01-09,82.27339935302734,5.224400043487549,15.747913381094325
2023-01-10,82.18009948730469,5.253699779510498,15.642328822786604
2023-01-11,81.63739776611328,5.198299884796143,15.704634125646406
2023-01-12,81.63179779052734,5.1585001945495605,15.824715462214966
2023-01-13,81.1156005859375,5.107699871063232,15.881042863439088
2023-01-16,81.27799987792969,5.080699920654297,15.997402158610981
2023-01-17,81.65260314941406,5.145999908447266,15.867198717858432
2023-01-18,81.52549743652344,5.099599838256836,15.98664601581578
2023-01-19,81.43599700927734,5.185299873352051,15.705166335275578
2023-01-20,81.23979949951172,5.172999858856201,15.704581812510353
2023-01-23,80.97599792480469,5.206299781799316,15.553464325640327
2023-01-24,81.48799896240234,5.205900192260742,15.653008308446829
2023-01-25,81.60189819335938,5.138400077819824,15.880798878545539
2023-01-26,81.50270080566406,5.072199821472168,16.06851142982149
2023-01-27,81.44509887695312,5.062745094299316,16.08714192793566
2023-01-30,81.50800323486328,5.107200145721436,15.959430002590894
2023-01-31,81.57990264892578,5.1149001121521,15.949461545711584
2023-02-01,81.76840209960938,5.072199821472168,16.120895267859677
2023-02-02,81.71029663085938,5.053500175476074,16.169049924523197
2023-02-03,82.0458984375,5.049200057983398,16.2492865197083
2023-02-06,82.22599792480469,5.149799823760986,15.966833806901963
2023-02-07,82.75499725341797,5.145699977874756,16.082359564149503
2023-02-08,82.74189758300781,5.2093000411987305,15.883496233395645
2023-02-09,82.65950012207031,5.19950008392334,15.897586073255466
2023-02-10,82.533203125,5.289500236511231,15.603213807479854
2023-02-13,82.51300048828125,5.213482856750488,15.826847954710793
2023-02-14,82.59739685058594,5.158400058746338,16.01221229643438
2023-02-15,82.86759948730469,5.191500186920166,15.96216825650651
2023-02-16,82.73770141601562,5.2179999351501465,15.856209744018495
2023-02-17,82.69529724121094,5.216800212860107,15.851727853667084
2023-02-20,82.75800323486328,5.165168762207031,16.02232318920428
2023-02-21,82.69750213623047,5.1666998863220215,16.00586524391679
2023-02-22,82.86119842529297,5.166500091552734,16.038168384197192
2023-02-23,82.83529663085938,5.151199817657471,16.08077720978975
2023-02-24,82.6178970336914,5.136199951171875,16.0854129159908
2023-02-27,82.91799926757812,5.207799911499023,15.921886531103466
2023-02-28,82.6520004272461,5.199699878692627,15.89553288756879
2023-03-01,82.6353988647461,5.235899925231934,15.782463386384455
2023-03-02,82.4198989868164,5.178299903869629,15.916401235321624
2023-03-03,82.35569763183594,5.1996002197265625,15.838851863916352
2023-03-06,81.7125015258789,5.194399833679199,15.730884056339931
2023-03-07,81.85440063476562,5.152200222015381,15.88727089545187
2023-03-08,82.07460021972656,5.190000057220459,15.8139883072915
2023-03-09,81.9645004272461,5.144400119781494,15.932761550189742
2023-03-10,82.01840209960938,5.163700103759766,15.883649408665422
2023-03-13,81.95800018310547,5.21560001373291,15.714011804453246
2023-03-14,82.41739654541016,5.245699882507324,15.711420476082694
2023-03-15,82.30490112304688,5.251699924468994,15.67204949002657
2023-03-16,82.7156982421875,5.287099838256836,15.644814883892751
2023-03-17,82.622802734375,5.229599952697754,15.799067516006268
2023-03-20,82.53299713134766,5.2778000831604,15.637764945792728
2023-03-21,82.52909851074219,5.235700130462647,15.762762659107748
2023-03-22,82.677001953125,5.240900039672852,15.775344182730468
2023-03-23,82.52580261230469,5.236100196838379,15.76092884206738
2023-03-24,82.26529693603516,5.29670000076294,15.531424646324242
2023-03-27,82.33879852294922,5.245100021362305,15.698232290632934
2023-03-28,82.21489715576172,5.197100162506104,15.819378996943692
2023-03-29,82.16429901123047,5.164400100708008,15.909747000424355
2023-03-30,82.25540161132812,5.134200096130371,16.021074377939367
2023-03-31,82.10050201416016,5.092700004577637,16.121213097249612
2023-04-03,82.18479919433594,5.062300205230713,16.23467512049503
2023-04-04,82.14089965820312,5.06309986114502,16.22344056228568
2023-04-05,82.11479949951172,5.070700168609619,16.19397652573639
2023-04-06,81.94999694824219,5.033199787139893,16.281888344195877
2023-04-07,81.831298828125,5.058300018310547,16.177628557401455
2023-04-10,81.88480377197266,5.054399967193604,16.200697274346933
2023-04-11,81.98390197753906,5.065299987792969,16.185399122483314
2023-04-12,82.07009887695312,5.004000186920166,16.40089844350409
2023-04-13,81.96060180664062,4.916900157928467,16.669161295553202
2023-04-14,81.68070220947266,4.926700115203857,16.57919099995654
2023-04-17,81.84480285644531,4.908699989318848,16.67341720507194
2023-04-18,82.00370025634766,4.939799785614014,16.60061213314026
2023-04-19,82.10790252685547,4.984300136566162,16.473306237016082
2023-04-20,82.34010314941406,5.074299812316895,16.226889658657765
2023-04-21,82.14089965820312,5.047699928283691,16.27293635224717
2023-04-24,82.05480194091797,5.047900199890137,16.255234590950078
2023-04-25,81.85230255126953,5.033400058746338,16.2618312861975
2023-04-26,81.9916000366211,5.053100109100342,16.225999538176367
2023-04-27,81.76689910888672,5.043000221252441,16.21393922695084
2023-04-28,81.76509857177734,4.976200103759766,16.4312320378756
2023-05-01,81.74479675292969,4.986000061035156,16.39486477181439
2023-05-02,81.77469635009766,4.9878997802734375,16.39461495868603
2023-05-03,81.77870178222656,5.038400173187256,16.23108506097362
2023-05-04,81.77999877929688,4.994400024414063,16.37433893551432
2023-05-05,81.71610260009766,4.982600212097168,16.40029284342351
2023-05-08,81.72979736328125,4.951700210571289,16.505400950727566
2023-05-09,81.78710174560547,5.007999897003174,16.331290620542447
2023-05-10,82.1050033569336,4.985899925231934,16.46743909588483
2023-05-11,81.9198989868164,4.94290018081665,16.57324566349666
2023-05-12,82.10030364990234,4.929500102996826,16.65489439791076
2023-05-15,82.20030212402344,4.920199871063232,16.7066997841818
2023-05-16,82.2667007446289,4.887899875640869,16.830684514347308
2023-05-17,82.2959976196289,4.93940019607544,16.661131787826488
2023-05-18,82.45030212402344,4.937699794769287,16.69811968142869
2023-05-19,82.72509765625,4.964399814605713,16.66366544710305
2023-05-22,82.90480041503906,4.996799945831299,16.591578873235537
2023-05-23,82.82499694824219,4.966100215911865,16.67807602489835
2023-05-24,82.8906021118164,4.971199989318848,16.67416364055272
2023-05-25,82.71369934082031,4.958600044250488,16.680857218304407
2023-05-26,82.74210357666016,5.035200119018555,16.432733877673165
2023-05-29,82.57479858398438,4.992800235748291,16.538774772671946
2023-05-30,82.57969665527344,5.018099784851074,16.456367987055526
2023-05-31,82.68389892578125,5.034800052642822,16.4224791573162
2023-06-01,82.66680145263672,5.054800033569336,16.35411903609239
2023-06-02,82.27670288085938,5.0131001472473145,16.412339762659116
2023-06-05,82.40979766845703,4.956600189208984,16.626274971273943
2023-06-06,82.51119995117188,4.925600051879883,16.751502168691307
2023-06-07,82.51719665527344,4.912000179290772,16.799102940421275
2023-06-08,82.61810302734375,4.922399997711182,16.784110000357455
2023-06-09,82.48829650878906,4.922100067138672,16.75876056634935
2023-06-12,82.4448013305664,4.877900123596191,16.901699346354114
2023-06-13,82.33719635009766,4.860599994659424,16.93971864390518
2023-06-14,82.29039764404297,4.861000061035156,16.92869710158348
2023-06-15,82.04499816894531,4.815000057220459,17.039459437993692
2023-06-16,81.9126968383789,4.809199810028076,17.032500223337717
2023-06-19,81.91480255126953,4.807000160217285,17.040732228219195
2023-06-20,81.98139953613281,4.776899814605713,17.162051271301277
2023-06-21,81.9917984008789,4.789299964904785,17.11978765199539
2023-06-22,81.94149780273438,4.76230001449585,17.206286364427825
2023-06-23,81.91929626464844,4.7697367668151855,17.174804453484967
2023-06-26,81.98480224609375,4.7855000495910645,17.13191963149172
2023-06-27,82.00650024414062,4.767300128936768,17.20187486128133
2023-06-28,81.99839782714844,4.810500144958496,17.04571153855685
2023-06-29,82.02649688720703,4.850500106811523,16.910936002664506
2023-06-30,82.07540130615234,4.855599880218506,16.903246422861944
2023-07-03,82.09629821777344,4.784200191497803,17.159879380396774
2023-07-04,81.95010375976562,4.80649995803833,17.049850093666038
2023-07-05,82.0071029663086,4.839900016784668,16.943966338542065
2023-07-06,82.39409637451172,4.8471999168396,16.998287214906767
2023-07-07,82.76840209960938,4.918700218200684,16.827291444463555
2023-07-10,82.61530303955078,4.8709001541137695,16.960992922381536
2023-07-11,82.52529907226562,4.898200035095215,16.84808674226826
2023-07-12,82.39990234375,4.851500034332275,16.984417553465175
2023-07-13,82.00180053710938,4.81689977645874,17.023771376325993
2023-07-14,82.03079986572266,4.7947998046875,17.108284643193564
2023-07-17,82.07679748535156,4.788099765777588,17.141831102180948
2023-07-18,82.06159973144531,4.805799961090088,17.07553381244597
2023-07-19,82.07540130615234,4.809299945831299,17.06597680132122
2023-07-20,82.06169891357422,4.789899826049805,17.132236976498504
2023-07-21,82.0823974609375,4.796899795532227,17.11155141022292
2023-07-24,81.99030303955078,4.777400016784668,17.162118045692285
2023-07-25,81.81420135498047,4.725500106811523,17.313342398839485
2023-07-26,81.95010375976562,4.748899936676025,17.25664992998911
2023-07-27,81.97550201416016,4.736199855804443,17.308286075321586
2023-07-28,82.3749008178711,4.741600036621094,17.372806685857075
2023-07-31,82.25279998779297,4.723299980163574,17.414265520553375
2023-08-01,82.2332992553711,4.724699974060059,17.404978031802063
2023-08-02,82.30729675292969,4.791999816894531,17.175980780038753
2023-08-03,82.7332992553711,4.810400009155273,17.198839825775615
2023-08-04,82.7843017578125,4.916399955749512,16.83839852390364
2023-08-07,82.69529724121094,4.88539981842041,16.927027534042995
2023-08-08,82.74829864501953,4.89900016784668,16.890854421299387
2023-08-09,82.84500122070312,4.898600101470947,16.911974748832122
2023-08-10,82.86630249023438,4.901700019836426,16.905625018847992
2023-08-11,82.79989624023438,4.891499996185303,16.927301708025535
2023-08-14,82.89730072021484,4.910999774932861,16.879923542930346
2023-08-15,83.2333984375,4.962100028991699,16.773825185143046
2023-08-16,83.19419860839844,4.983200073242188,16.694934456900164
2023-08-17,83.23699951171875,4.9868998527526855,16.691131157521305
2023-08-18,83.09829711914062,4.975500106811523,16.701496399402743
2023-08-21,83.16729736328125,4.966899871826172,16.744307215660314
2023-08-22,83.1135025024414,4.978700160980225,16.693815617544182
2023-08-23,83.07330322265625,4.937099933624268,16.826336177010116
2023-08-24,82.5447006225586,4.855100154876709,17.001647337727217
2023-08-25,82.64140319824219,4.880300045013428,16.933672609470634
2023-08-28,82.66429901123047,4.870399951934815,16.97279480679841
2023-08-29,82.69149780273438,4.872600078582764,16.970713062662405
2023-08-30,82.49469757080078,4.85129976272583,17.004658876088286
2023-08-31,82.70040130615234,4.888400077819824,16.917682675235508
2023-09-01,82.68240356445312,4.953800201416016,16.69070212820025
2023-09-04,82.6969985961914,4.97629976272583,16.61817063666862
2023-09-05,82.7345962524414,4.936200141906738,16.76078640937824
2023-09-06,83.08609771728516,4.966700077056885,16.728631974596592
2023-09-07,83.25740051269531,4.977000236511231,16.728430089659174
2023-09-08,83.24150085449219,4.976099967956543,16.72826136744107
2023-09-11,83.03130340576172,4.982999801635742,16.662915254081586
2023-09-12,82.94329833984375,4.929399967193604,16.826246377216748
2023-09-13,82.84300231933594,4.946599960327148,16.74746350700594
2023-09-14,82.93679809570312,4.91540002822876,16.872848113969066
2023-09-15,83.0282974243164,4.868199825286865,17.055236104533538
2023-09-18,83.08580017089844,4.867000102996826,17.0712550673132
2023-09-19,83.25489807128906,4.853700160980225,17.152872099638596
2023-09-20,83.19499969482422,4.865799903869629,17.097908121676287
2023-09-21,83.08699798583984,4.878799915313721,17.030212230069925
2023-09-22,82.89129638671875,4.934899806976318,16.79695629676976
2023-09-25,82.97480010986328,4.933899879455566,16.81728493424945
2023-09-26,83.0282974243164,4.968299865722656,16.711611550894112
2023-09-27,83.29869842529297,4.986199855804443,16.705848308170964
2023-09-28,83.22270202636719,5.042200088500977,16.505235921946312
2023-09-29,83.19300079345703,5.032800197601318,16.530161645023703
2023-10-02,83.03479766845703,5.042799949645996,16.466010648367295
2023-10-03,83.3593978881836,5.061500072479248,16.46930686446718
2023-10-04,83.22979736328125,5.166299819946289,16.110136899516323
2023-10-05,83.44979858398438,5.154600143432617,16.18938351412306
2023-10-06,83.22489929199219,5.164999961853027,16.113242963536035
2023-10-09,83.12460327148438,5.145699977874756,16.154187696309485
2023-10-10,83.27030181884766,5.135200023651123,16.215590714155383
2023-10-11,83.25029754638672,5.051000118255615,16.48194329782308
2023-10-12,83.21800231933594,5.049600124359131,16.480117290455258
2023-10-13,83.26239776611328,5.045899868011475,16.501000801453863
2023-10-16,83.28230285644531,5.048200130462647,16.49742496417487
2023-10-17,83.19950103759766,5.037600040435791,16.515701994952394
2023-10-18,83.26429748535156,5.037399768829346,16.52922168309496
2023-10-19,83.26860046386719,5.056099891662598,16.46893895454387
2023-10-20,83.12229919433594,5.062900066375732,16.417922160142275
2023-10-23,83.15979766845703,5.031300067901611,16.52849095584558
2023-10-24,83.02940368652344,5.01230001449585,16.565130468327474
2023-10-25,82.98780059814453,4.991000175476074,16.62748901631297
2023-10-26,83.1709976196289,4.994699954986572,16.651850635510797
2023-10-27,83.28250122070312,4.985300064086914,16.705614536756432
2023-10-30,83.41339874267578,4.952030181884766,16.84428318870388
2023-10-31,83.29650115966797,5.04610013961792,16.50710426963009
2023-11-01,83.2771987915039,5.03410005569458,16.542618913046958
2023-11-02,85.19400024414062,4.953700065612793,17.19805380134612
2023-11-03,83.24729919433594,4.952899932861328,16.807789441092815
2023-11-06,83.15850067138672,4.899199962615967,16.973893963491864
2023-11-07,83.2228012084961,4.884099960327148,17.039536840872035
2023-11-08,83.23269653320312,4.871500015258789,17.0856402078409
2023-11-09,83.21769714355469,4.909299850463867,16.95103164979659
2023-11-10,83.31939697265625,4.933899879455566,16.88712762891536
2023-11-13,83.29889678955078,4.893379211425781,17.02277571193589
2023-11-14,83.19760131835938,4.906199932098389,16.957645931639732
2023-11-15,82.98159790039062,4.864500045776367,17.058607692364998
2023-11-16,83.18620300292969,4.860899925231934,17.11333380288847
2023-11-17,83.12030029296875,4.862199783325195,17.095204639272115
2023-11-20,83.29149627685547,4.819177150726318,17.283343955160948
2023-11-21,83.32219696044922,4.851799964904785,17.173460893514886
2023-11-22,83.345703125,4.8993000984191895,17.011757077687967
2023-11-23,83.54830169677734,4.9054999351501465,17.03155698731451
2023-11-24,83.34400177001953,4.902500152587891,17.000305798261852
2023-11-27,83.31449890136719,4.900899887084961,16.999836932176628
2023-11-28,83.364501953125,4.895500183105469,17.028801723022834
2023-11-29,83.41809844970703,4.869800090789795,17.129676145736425
2023-11-30,83.3302993774414,4.904099941253662,16.991965982679226
2023-12-01,83.35269927978516,4.923099994659424,16.93093769580267
2023-12-04,83.21859741210938,4.902159214019775,16.9759066931386
2023-12-05,83.41709899902344,4.9430999755859375,16.87546264712873
2023-12-06,83.31590270996094,4.927700042724609,16.90766523684225
2023-12-07,83.28959655761719,4.901199817657471,16.993715754569145
2023-12-08,83.35489654541016,4.910099983215332,16.976211651565187
2023-12-11,83.43009948730469,4.893286228179932,17.049911980795102
2023-12-12,83.34349822998047,4.936699867248535,16.882431679289404
2023-12-13,83.39600372314453,4.964499950408936,16.798470048584658
2023-12-14,83.2853012084961,4.918399810791016,16.933414202271102
2023-12-15,83.29660034179688,4.914599895477295,16.948806029652857
2023-12-18,83.04170227050781,4.919657230377197,16.879570746871096
2023-12-19,83.11119842529297,4.895899772644043,16.975673989422493
2023-12-20,83.09159851074219,4.866499900817871,17.07420121323288
2023-12-21,83.26719665527344,4.914599895477295,16.942823103850394
2023-12-22,83.13159942626953,4.881800174713135,17.028882062169725
2023-12-25,83.16500091552734,4.86984395980835,17.077549424971775
2023-12-26,83.17230224609375,4.869743824005127,17.079399913420616
2023-12-27,83.18280029296875,4.813499927520752,17.281147095770915
2023-12-28,83.26719665527344,4.826099872589111,17.253517095285922
2023-12-29,82.302001953125,4.850200176239014,16.96878457848401
2024-01-01,83.24859619140625,4.850500106811523,17.162889260532296
2024-01-02,83.20259857177734,4.852399826049805,17.146690617930822
2024-01-03,83.25700378417969,4.922500133514404,16.913560492834076
2024-01-04,83.31809997558594,4.9191999435424805,16.93732739710226
2024-01-05,83.2406005859375,4.895599842071533,17.003146350032342
2024-01-08,83.19110107421875,4.8606672286987305,17.115160771145856
2024-01-09,83.05069732666016,4.86899995803833,17.057033896570502
2024-01-10,83.131103515625,4.905099868774414,16.947892140755965
2024-01-11,83.02559661865234,4.89139986038208,16.973790527966976
2024-01-12,83.07610321044922,4.869699954986572,17.059799161831172
2024-01-15,82.87210083007812,4.85290002822876,17.076820117459803
2024-01-16,82.8593978881836,4.862199783325195,17.04154530472977
2024-01-17,83.08899688720703,4.924900054931641,16.871204686479743
2024-01-18,83.17759704589844,4.934000015258789,16.85804555911331
2024-01-19,83.16059875488281,4.92609977722168,16.88163100946879
2024-01-22,83.12470245361328,4.904642105102539,16.94816883114358
2024-01-23,83.09510040283203,4.98829984664917,16.658000312200592
2024-01-24,83.22139739990234,4.952199935913086,16.804934872759333
2024-01-25,83.09760284423828,4.932499885559082,16.846954844849318
2024-01-26,83.14610290527344,4.915800094604492,16.914052912064783
2024-01-29,83.12129974365234,4.913599967956543,16.916578534214832
2024-01-30,83.1530990600586,4.950200080871582,16.797926892162675
2024-01-31,83.10970306396484,4.950300216674805,16.788820763640665
2024-02-01,83.05359649658203,4.951900005340576,16.77206656172571
2024-02-02,82.92759704589844,4.914999961853027,16.872349479049337
2024-02-05,82.99929809570312,4.932938098907471,16.825530025216718
2024-02-06,83.10369873046875,4.949943065643311,16.78881910930996
2024-02-07,83.07060241699219,4.962299823760986,16.740343261651606
2024-02-08,83.01260375976562,4.969299793243408,16.705090699626354
2024-02-09,82.98529815673828,4.991899967193604,16.623990605202728
2024-02-12,83.0145034790039,4.953100204467773,16.760109840726326
2024-02-13,82.99019622802734,4.952199935913086,16.758248314286934
2024-02-14,83.07460021972656,4.952000141143799,16.775968871547374
2024-02-15,83.04309844970703,4.968299865722656,16.71459064349936
2024-02-16,83.00959777832031,4.972400188446045,16.694070193948356
2024-02-19,83.01599884033203,4.965099811553955,16.719905337482036
2024-02-20,83.02100372314453,4.956399917602539,16.750263316787123
2024-02-21,82.8291015625,4.926400184631348,16.813311638972802
2024-02-22,82.93840026855469,4.934899806976318,16.80650135009979
2024-02-23,82.87229919433594,4.962399959564209,16.700044307112574
2024-02-26,82.88179779052734,4.993500232696533,16.597936102582388
2024-02-27,82.85199737548828,4.978899955749512,16.640623051646745
2024-02-28,82.94819641113281,4.932400226593018,16.817004419859913
2024-02-29,82.91190338134766,4.967299938201904,16.69154357756795
2024-03-01,82.910400390625,4.969799995422363,16.682844474021692
2024-03-04,82.84609985351562,4.952700138092041,16.727461292544746
2024-03-05,82.9104995727539,4.944900035858154,16.76687070952393
2024-03-06,82.88480377197266,4.957099914550781,16.720422263161865
2024-03-07,82.81909942626953,4.943600177764893,16.75279076952251
2024-03-08,82.7522964477539,4.933800220489502,16.772526804813293
2024-03-11,82.7520980834961,4.977540016174316,16.625099509917845
2024-03-12,82.7782974243164,4.977399826049805,16.630831421475627
2024-03-13,82.83509826660156,4.968699932098389,16.67138273564822
2024-03-14,82.83110046386719,4.969200134277344,16.668900069550745
2024-03-15,82.9655990600586,4.992700099945068,16.617380855896275
2024-03-18,82.88890075683594,4.968047142028809,16.684403023395323
2024-03-19,82.86360168457031,5.029399871826172,16.47584280358336
2024-03-20,83.04239654541016,5.03000020980835,16.509422083816215
2024-03-21,83.05460357666016,4.96619987487793,16.723975206233852
2024-03-22,83.22660064697266,4.974500179290772,16.73064582316258
2024-03-25,83.59359741210938,5.000899791717529,16.715711350696683
2024-03-26,83.41739654541016,4.9721999168396,16.776758364621717
2024-03-27,83.34549713134766,4.9756999015808105,16.75050722107824
2024-03-28,83.36499786376953,4.990300178527832,16.70540746676339
2024-03-29,83.39299774169922,5.014100074768066,16.631697911525364
2024-04-01,83.36479949951172,5.013199806213379,16.629059826458356
2024-04-02,83.40969848632812,5.053599834442139,16.5050065733065
2024-04-03,83.35030364990234,5.06440019607544,16.458080013995154
2024-04-04,83.37329864501953,5.038599967956543,16.54691763093716
2024-04-05,83.47779846191406,5.057400226593018,16.506069269141065
2024-04-08,83.29679870605469,5.054900169372559,16.47842606482057
2024-04-09,83.26959991455078,5.023900032043457,16.574692844889494
2024-04-10,83.22429656982422,5.007599830627441,16.61959808785208
2024-04-11,83.4126968383789,5.066199779510498,16.46454945889211
2024-04-12,83.34929656982422,5.090400218963623,16.373819932530505
2024-04-15,83.61109924316406,5.117099761962891,16.339548402920194
2024-04-16,83.50599670410156,5.183700084686279,16.109341848459852
2024-04-17,83.6675033569336,5.2855000495910645,15.829628714771632
2024-04-18,83.5958023071289,5.232600212097168,15.975958207903034
2024-04-19,83.54499816894531,5.241700172424316,15.938530518868895
2024-04-22,83.38529968261719,5.206200122833252,16.016537535103108
2024-04-23,83.38619995117188,5.1656999588012695,16.142284804811258
2024-04-24,83.2833023071289,5.130499839782715,16.232980198408132
2024-04-25,83.3405990600586,5.145500183105469,16.19679255550234
2024-04-26,83.30180358886719,5.158599853515625,16.148142122730526
2024-04-29,83.40229797363281,5.115499973297119,16.303840955721306
2024-04-30,83.45110321044922,5.117000102996826,16.308599087495658
2024-05-01,83.49839782714844,5.193900108337402,16.07624253171799
2024-05-02,83.40640258789062,5.194399833679199,16.05698545712716
2024-05-03,83.40630340576172,5.110300064086914,16.321214480516886
2024-05-06,83.37999725341797,5.070899963378906,16.44284009851757
2024-05-07,83.4728012084961,5.074900150299072,16.44816621733472
2024-05-08,83.46990203857422,5.073299884796143,16.45278298819275
2024-05-09,83.46430206298828,5.087900161743164,16.40446931144038
2024-05-10,83.45939636230469,5.1407999992370605,16.234709845683703
2024-05-13,83.5248031616211,5.123260021209717,16.30305758752003
2024-05-14,83.50550079345703,5.154200077056885,16.201447275042486
2024-05-15,83.52420043945312,5.127799987792969,16.288505916433447
2024-05-16,83.40509796142578,5.133600234985352,16.24690161750855
2024-05-17,83.47010040283203,5.128600120544434,16.27541598894849
2024-05-20,83.30039978027344,5.102000236511231,16.32700821614124
2024-05-21,83.31500244140625,5.103099822998047,16.32635169430393
2024-05-22,83.31680297851562,5.1219000816345215,16.266776323353664
2024-05-23,83.26709747314453,5.151100158691406,16.164915242940616
2024-05-24,83.2863998413086,5.143099784851074,16.193813716511485
2024-05-27,83.05220031738281,5.1697998046875,16.064877452716583
2024-05-28,83.14569854736328,5.17170000076294,16.07705368352717
2024-05-29,83.20649719238281,5.161300182342529,16.121228034176916
2024-05-30,83.3656005859375,5.202099800109863,16.025375096451803
2024-05-31,83.3208999633789,5.202099800109863,16.016782292723267
2024-06-03,83.45079803466797,5.244400024414063,15.912363215273915
2024-06-04,83.09339904785156,5.249000072479248,15.830329186603393
2024-06-05,83.62940216064453,5.287700176239014,15.815836634695062
2024-06-06,83.38079833984375,5.3003997802734375,15.731039505767676
2024-06-07,83.47309875488281,5.2571001052856445,15.878164212805551
2024-06-10,83.52760314941406,5.270441055297852,15.848313693870468
2024-06-11,83.52980041503906,5.352799892425537,15.604880080280536
2024-06-12,83.5968017578125,5.3649001121521,15.582173015385017
2024-06-13,83.5343017578125,5.401000022888184,15.466450917203025
2024-06-14,83.52210235595703,5.361599922180176,15.577831909918899
2024-06-17,83.55180358886719,5.357200145721436,15.59616988653978
2024-06-18,83.51010131835938,5.423999786376953,15.396405716701047
2024-06-19,83.37409973144531,5.439899921417236,15.326403230911678
2024-06-20,83.41950225830078,5.422399997711182,15.384239874135533
2024-06-21,83.60160064697266,5.452400207519531,15.332990511532106
2024-06-24,83.5625,5.426126003265381,15.400029403982332
2024-06-25,83.46040344238281,5.3892998695373535,15.48631649059593
2024-06-26,83.41459655761719,5.450699806213379,15.303465522451074
2024-06-27,83.58039855957031,5.522500038146973,15.13452204295774
2024-06-28,83.45089721679688,5.500500202178955,15.17151061711421
2024-07-01,83.36750030517578,5.591899871826172,14.908618218507208
2024-07-02,83.44129943847656,5.65500020980835,14.755313234781369
2024-07-03,83.4791030883789,5.67549991607666,14.708678411202595
2024-07-04,83.49120330810547,5.555399894714356,15.028837687731993
2024-07-05,83.49340057373047,5.486400127410889,15.218248511730808
2024-07-08,83.47209930419922,5.471290111541748,15.25638333966497
2024-07-09,83.45760345458984,5.470399856567383,15.256216299142453
2024-07-10,83.49299621582031,5.417099952697754,15.412858714973538
2024-07-11,83.49590301513672,5.414700031280518,15.420226888430392
2024-07-12,83.51850128173828,5.438000202178955,15.358311544062321
2024-07-15,83.52030181884766,5.422800064086914,15.401693005790491
2024-07-16,83.58760070800781,5.446800231933594,15.346184392434479
2024-07-17,83.52960205078125,5.424300193786621,15.399148105125523
2024-07-18,83.57209777832031,5.48769998550415,15.228984455979258
2024-07-19,83.67430114746094,5.5432000160217285,15.094945321405293
2024-07-22,83.73030090332031,5.520872116088867,15.166136643396314
2024-07-23,83.67130279541016,5.570700168609619,15.019889827654021
2024-07-24,83.70680236816406,5.585299968719482,14.986984197261505
2024-07-25,83.74299621582031,5.653600215911865,14.812330730448274
2024-07-26,83.73760223388672,5.643099784851074,14.838937007401618
2024-07-29,83.72779846191406,5.622840881347656,14.890657628185732
2024-07-30,83.75050354003906,5.614500045776367,14.916823022032434
2024-07-31,83.73899841308594,5.611100196838379,14.923810923973408
2024-08-01,83.7177963256836,5.656599998474121,14.800020568586541
2024-08-02,83.743896484375,5.75059986114502,14.562636682514801
2024-08-05,83.73529815673828,5.7266998291015625,14.621911511970264
2024-08-06,84.00260162353516,5.720900058746338,14.68345902933729
2024-08-07,83.93489837646484,5.6554999351501465,14.841287125615796
2024-08-08,83.94239807128906,5.635799884796143,14.894495863443067
2024-08-09,83.98899841308594,5.54610013961792,15.143794071282686
2024-08-12,83.94979858398438,5.50629997253418,15.246136062824766
2024-08-13,83.88999938964844,5.491899967193604,15.27522349110025
2024-08-14,83.88200378417969,5.455699920654297,15.37511318513277
2024-08-15,83.97149658203125,5.468900203704834,15.35436622616479
2024-08-16,83.94830322265625,5.484899997711182,15.30534800227669
2024-08-19,83.88980102539062,5.47130012512207,15.332699560786562
2024-08-20,83.87860107421875,5.405600070953369,15.516982383682953
2024-08-21,83.77940368652344,5.478099822998047,15.293515341725328
2024-08-22,83.88860321044922,5.482500076293945,15.301158603385948
2024-08-23,83.94059753417969,5.59089994430542,15.013789974845984
2024-08-26,83.81379699707031,5.485400199890137,15.27943157160146
2024-08-27,83.88369750976562,5.495699882507324,15.263514985009524
2024-08-28,83.92160034179688,5.507900238037109,15.236586850691513
2024-08-29,83.94149780273438,5.56220006942749,15.091420077482823
2024-08-30,83.89510345458984,5.627699851989746,14.907529836533064
2024-09-02,83.86380004882812,5.60920000076294,14.951116030346808
2024-09-03,83.92729949951172,5.615099906921387,14.946715266109464
2024-09-04,83.95030212402344,5.647500038146973,14.865037902960115
2024-09-05,83.98249816894531,5.642000198364258,14.885234884127392
2024-09-06,83.98359680175781,5.567500114440918,15.084615190922426
2024-09-09,83.98259735107422,5.59660005569458,15.006003022428114
2024-09-10,83.98090362548828,5.5843000411987305,15.038752038019231
2024-09-11,83.98200225830078,5.662899971008301,14.830211144158259
2024-09-12,83.99259948730469,5.667399883270264,14.82030582229507
2024-09-13,83.93479919433594,5.625699996948242,14.919885390239049
2024-09-16,83.88480377197266,5.612370014190674,14.946413646974982
2024-09-17,83.88400268554688,5.503900051116943,15.240829576569752
2024-09-18,83.77059936523438,5.4816999435424805,15.281865156431504
2024-09-19,83.69170379638672,5.460999965667725,15.325344135239087
2024-09-20,83.61470031738281,5.423900127410889,15.415973442213156
2024-09-23,83.48709869384766,5.513599872589111,15.142030728218813
2024-09-24,83.55960083007812,5.536099910736084,15.093586130559551
2024-09-25,83.56759643554688,5.449699878692627,15.334348367014035
2024-09-26,83.62409973144531,5.473800182342529,15.27715607909862
2024-09-27,83.61710357666016,5.436699867248535,15.3801213269803
2024-09-30,83.71640014648438,5.433199882507324,15.408304858434688
2024-10-01,83.82730102539062,5.448500156402588,15.385390220992159
2024-10-02,83.87210083007812,5.423999786376953,15.463146042286596
2024-10-03,83.91960144042969,5.440299987792969,15.425546684691987
2024-10-04,84.0093994140625,5.47629976272583,15.340540703390348
2024-10-07,84.02780151367188,5.4542999267578125,15.40579041160656
2024-10-08,83.96410369873047,5.494200229644775,15.282315931204991
2024-10-09,83.91459655761719,5.5346999168396,15.161544043662214
2024-10-10,83.94219970703125,5.596099853515625,15.000125427407525
2024-10-11,83.94599914550781,5.581699848175049,15.039504349728546
2024-10-14,84.16829681396484,5.610599994659424,15.001657023149455
2024-10-15,84.04850006103516,5.594699859619141,15.022879183863271
2024-10-16,84.05619812011719,5.651999950408936,14.871938934471418
2024-10-17,84.03929901123047,5.668000221252441,14.826975252421665
2024-10-18,84.05380249023438,5.651800155639648,14.872040796835552
2024-10-21,84.0687026977539,5.635900020599365,14.916641954342793
2024-10-22,84.07350158691406,5.68809986114502,14.780595214443014
2024-10-23,84.08399963378906,5.689300060272217,14.779322367076185
2024-10-24,84.06759643554688,5.686500072479248,14.783715002907647
2024-10-25,84.08180236816406,5.664000034332275,14.844950893097302
2024-10-28,84.10199737548828,5.685812950134277,14.791551905256066
2024-10-29,84.10279846191406,5.71019983291626,14.728521054045471
2024-10-30,84.08930206298828,5.760000228881836,14.598836583607598
2024-10-31,84.08910369873047,5.76230001449585,14.592975632506619
2024-11-01,84.09149932861328,5.789400100708008,14.525079950568525
2024-11-04,84.13359832763672,5.677525997161865,14.818707720527252
2024-11-05,84.15249633789062,5.790599822998047,14.532604377817494
2024-11-06,84.11630249023438,5.739799976348877,14.654918784076042
2024-11-07,84.2511978149414,5.674799919128418,14.846549484670007
2024-11-08,84.306396484375,5.690999984741211,14.813986418980582
2024-11-11,84.38289642333984,5.736400127410889,14.71007854213717
2024-11-12,84.39649963378906,5.75540018081665,14.663880352767025
2024-11-13,84.39530181884766,5.748199939727783,14.682040065371204
2024-11-14,84.4229965209961,5.805900096893311,14.540897210093252
2024-11-15,84.47380065917969,5.788300037384033,14.593887689580932
2024-11-18,84.47750091552734,5.794600009918213,14.578659574592395
2024-11-19,84.39849853515625,5.746399879455566,14.687195514690226
2024-11-20,84.39759826660156,5.7718000411987305,14.622405084059919
2024-11-21,84.38310241699219,5.770699977874756,14.622680565706512
2024-11-22,84.48829650878906,5.814099788665772,14.531621330871163
2024-11-25,84.43599700927734,5.799300193786621,14.559687236012062
2024-11-26,84.37750244140625,5.797200202941895,14.55487122880237
2024-11-27,84.33910369873047,5.809599876403809,14.517196621626391
2024-11-28,84.42030334472656,5.937399864196777,14.2183961457255
2024-11-29,84.47160339355469,6.013899803161621,14.04606098511092
2024-12-02,84.55699920654297,5.973199844360352,14.156063987441872
2024-12-03,84.73709869384766,6.05679988861084,13.990407517538536
2024-12-04,84.68309783935547,6.043099880218506,14.013188515476514
2024-12-05,84.70700073242188,6.03879976272583,14.027125266724578
2024-12-06,84.68379974365234,6.010300159454346,14.08977879589636
2024-12-09,84.66600036621094,6.0883002281188965,13.906344495821655
2024-12-10,84.84729766845703,6.076600074768066,13.962955702938128
2024-12-11,84.8740005493164,6.045300006866455,14.039667254381696
2024-12-12,84.85710144042969,5.952700138092041,14.255228631023916
2024-12-13,84.83920288085938,5.996099948883057,14.1490641590561
2024-12-16,84.802001953125,6.040900230407715,14.03797426189267
2024-12-17,84.91729736328125,6.147299766540527,13.813755728243843
2024-12-18,84.91539764404297,6.1031999588012695,13.913258326329064
2024-12-19,85.16549682617188,6.288899898529053,13.542193102181786
2024-12-20,85.27940368652344,6.151599884033203,13.86296334192192
2024-12-23,84.94499969482422,6.084199905395508,13.961572764809132
2024-12-24,85.0988998413086,6.193900108337402,13.739146313767606
2024-12-25,85.18150329589844,6.175600051879883,13.793235083280495
2024-12-26,85.41339874267578,6.182799816131592,13.814679640738651
2024-12-27,85.26090240478516,6.148499965667725,13.866943625415773
2024-12-30,85.38600158691406,6.193699836730957,13.78594440120316
2024-12-31,85.7865982055664,6.1778998374938965,13.886045494769023
2025-01-02,85.78569793701172,6.300000190734863,13.616777038066287
2025-01-03,85.80400085449219,6.151000022888184,13.94960177779404
2025-01-06,85.75900268554688,6.180699825286865,13.875290033449657
2025-01-07,85.68070220947266,6.115499973297119,14.010416578136072
2025-01-08,85.80650329589844,6.100900173187256,14.064564385598047
2025-01-09,85.90750122070312,6.105800151824951,14.069818710824721
2025-01-10,85.91999816894531,6.034599781036377,14.237895019806846
2025-01-13,86.18800354003906,6.105899810791016,14.115528621632174
2025-01-14,86.65059661865234,6.093400001525879,14.22040184411884
2025-01-15,86.535400390625,6.054800033569336,14.292032752667462
2025-01-16,86.43099975585938,6.012199878692627,14.375935847072018
2025-01-17,86.6061019897461,6.049900054931641,14.315294666586798
2025-01-20,86.56900024414062,6.066163063049316,14.27080006659505
2025-01-21,86.21109771728516,6.029799938201904,14.297505489542568
2025-01-22,86.45189666748047,6.020500183105469,14.35958708382386
2025-01-23,86.47270202636719,5.940299987792969,14.55695877381015
2025-01-24,86.44020080566406,5.923999786376953,14.591526658128029
2025-01-27,86.2030029296875,5.90910005569458,14.588177914945602
2025-01-28,86.46839904785156,5.892600059509277,14.674065467638824
2025-01-29,86.58460235595703,5.856100082397461,14.785369296576244
2025-01-30,86.6406021118164,5.8566999435424805,14.793416590744961
2025-01-31,86.64700317382812,5.874499797821045,14.749681871802434
2025-02-03,86.55400085449219,5.84060001373291,14.819367984621296
2025-02-04,86.94339752197266,5.80620002746582,14.974233941423485
2025-02-05,87.13009643554688,5.7571001052856445,15.134372312816302
2025-02-06,87.33409881591797,5.8028998374938965,15.050078626488068
2025-02-07,87.58830261230469,5.760499954223633,15.204982780719305
2025-02-10,87.51309967041016,5.803199768066406,15.080145982906432
2025-02-11,87.49009704589844,5.786900043487549,15.118646665472975
2025-02-12,86.81120300292969,5.764500141143799,15.059623710184264
2025-02-13,86.8740005493164,5.764400005340576,15.070779347170523
2025-02-14,86.75409698486328,5.766900062561035,15.043454203077774
2025-02-17,86.43460083007812,5.701200008392334,15.160773293840569
2025-02-18,86.85479736328125,5.712100028991699,15.205405529043732
2025-02-19,86.88719940185547,5.688600063323975,15.273915978386668
2025-02-20,86.872802734375,5.720300197601318,15.186755892776954
2025-02-21,86.45120239257812,5.701300144195557,15.163418905526896
2025-02-24,86.52940368652344,5.730999946594238,15.098482724283617
2025-02-25,86.69010162353516,5.7778000831604,15.003998126587398
2025-02-26,87.0811996459961,5.740300178527832,15.170147368204201
2025-02-27,87.16220092773438,5.801700115203857,15.023561920982141
2025-02-28,87.3270034790039,5.839000225067139,14.955814371115183
2025-03-03,87.46399688720703,5.88040018081665,14.873817120905592
2025-03-04,87.32959747314453,6.020500183105469,14.505372446994686
2025-03-05,87.21700286865234,5.885700225830078,14.818458216048858
2025-03-06,86.88929748535156,5.740099906921387,15.137244803105402
2025-03-07,87.12879943847656,5.763000011444092,15.118653351632362
2025-03-10,87.07379913330078,5.782899856567383,15.057116895153378
2025-03-11,87.3551025390625,5.85290002822876,14.925097322309542
2025-03-12,87.20010375976562,5.808599948883057,15.012241250412407
2025-03-13,87.3405990600586,5.797800064086914,15.064437906555117
2025-03-14,86.9220962524414,5.798500061035156,14.990445000861818
2025-03-17,86.93900299072266,5.740600109100342,15.14458442295985
2025-03-18,86.91639709472656,5.678069114685059,15.307386250360478
2025-03-19,86.57610321044922,5.672100067138672,15.26350067623597
2025-03-20,86.33709716796875,5.648099899291992,15.286042865281365
2025-03-21,86.33609771728516,5.673900127410889,15.216358374055837
2025-03-24,85.98699951171875,5.729599952697754,15.007504925580745
2025-03-25,85.53209686279297,5.760799884796143,14.847260549447066
2025-03-26,85.59040069580078,5.698400020599365,15.020075878561833
2025-03-27,86.09539794921875,5.733500003814697,15.016202649679338
2025-03-28,85.69490051269531,5.739299774169922,14.931246647608578
2025-03-31,85.53880310058594,5.7581000328063965,14.855386779186578
2025-04-01,85.46810150146484,5.698400020599365,14.998613855205482
2025-04-02,85.61009979248047,5.681300163269043,15.068751400598428
2025-04-03,85.65119934082031,5.663700103759766,15.122834502476923
2025-04-04,85.28289794921875,5.6305999755859375,15.146325137463517
2025-04-07,85.529296875,5.840030193328857,14.645351829293833
2025-04-08,86.0270004272461,5.913599967956543,14.547314815576359
2025-04-09,86.435302734375,6.013299942016602,14.37402151361642
2025-04-10,86.20929718017578,5.8180999755859375,14.817431385147982
2025-04-11,86.2603988647461,5.884300231933594,14.659414962652363
2025-04-14,86.19300079345703,5.864200115203857,14.698168394695156
2025-04-15,86.0447998046875,5.8541998863220215,14.697960690704445
2025-04-16,85.72669982910156,5.884600162506104,14.567973602575693
2025-04-17,85.62049865722656,5.8653998374938965,14.597555329460633
2025-04-22,85.15889739990234,5.80709981918335,14.664617459921363
2025-04-23,85.2323989868164,5.719900131225586,14.901029219290567
2025-04-24,85.4999008178711,5.703400135040283,14.991040220478448
2025-04-25,85.2573013305664,5.678699970245361,15.013524535067605
2025-04-28,85.38490295410156,5.684700012207031,15.02012468041417
2025-04-29,85.1603012084961,5.652900218963623,15.064886679374114
2025-04-30,85.1707992553711,5.619999885559082,15.15494679532333
2025-05-01,84.53119659423828,5.672900199890137,14.90087849524928
2025-05-02,84.69670104980469,5.67710018157959,14.919007651938031
2025-05-05,84.52629852294922,5.666900157928467,14.915791026367364
2025-05-06,84.2208023071289,5.686299800872803,14.811178667400137
2025-05-07,84.79319763183594,5.712800025939941,14.842668612032275
2025-05-08,84.81719970703125,5.74459981918335,14.764683768536
2025-05-09,86.08219909667969,5.661600112915039,15.204570683173484
2025-05-12,85.4083023071289,5.648200035095215,15.12133100393799
2025-05-13,84.9656982421875,5.6697998046875,14.985661076065192
2025-05-14,85.060302734375,5.60046911239624,15.188067468509034
2025-05-15,85.48760223388672,5.636499881744385,15.166788614822076
2025-05-16,85.44490051269531,5.681300163269043,15.039673676303343
2025-05-19,85.50029754638672,5.6586737632751465,15.109600080019556
2025-05-20,85.37210083007812,5.644499778747559,15.124830219945741
2025-05-21,85.53610229492188,5.667300224304199,15.09291883428031
2025-05-22,85.60030364990234,5.644700050354004,15.164721399950025
2025-05-23,85.97489929199219,5.71619987487793,15.040569114778933
2025-05-26,85.19930267333984,5.645199775695801,15.092345011446222
2025-05-27,85.158203125,5.666600227355957,15.028094396688175
2025-05-28,85.3604965209961,5.637400150299072,15.141819676658503
2025-05-29,85.38590240478516,5.688700199127197,15.009738501931547
2025-05-30,85.36129760742188,5.66510009765625,15.067923979443421
2025-06-02,85.52429962158203,5.720799922943115,14.949709966011765
2025-06-03,85.36370086669922,5.672399997711182,15.048956508910434
2025-06-04,85.70880126953125,5.637800216674805,15.202525448850086
2025-06-05,85.9041976928711,5.6321001052856445,15.252604905273477
2025-06-06,85.87750244140625,5.58459997177124,15.377556651415608
2025-06-09,85.7853012084961,5.562699794769287,15.421522709020115
2025-06-10,85.75599670410156,5.557000160217285,15.432066624368858
2025-06-11,85.65280151367188,5.572100162506104,15.371726820350036
2025-06-12,85.46980285644531,5.535799980163574,15.439467315060002
2025-06-13,85.68840026855469,5.537300109863281,15.474761809626818
2025-06-16,86.24919891357422,5.538899898529053,15.571539564468232
2025-06-17,86.10420227050781,5.490799903869629,15.681540718653045
2025-06-18,86.36270141601562,5.493000030517578,15.722319485929093
2025-06-19,86.61360168457031,5.485199928283691,15.790418365237517
2025-06-20,86.58380126953125,5.489999771118164,15.77118485961184
2025-06-23,86.5802993774414,5.518400192260742,15.689383944800813
2025-06-24,86.23300170898438,5.493800163269043,15.696421265106975
2025-06-25,85.90480041503906,5.510300159454346,15.589858615532432
2025-06-26,86.006103515625,5.557899951934815,15.47456849878785
2025-06-27,85.66639709472656,5.477099895477295,15.640831595104817
2025-06-30,85.4552993774414,5.478400230407715,15.598586409062273
2025-07-01,85.71399688720703,5.430200099945068,15.78468478317661
2025-07-02,85.6427993774414,5.458799839019775,15.688942973373447
2025-07-03,85.69409942626953,5.426400184631348,15.792071448945544
2025-07-04,85.31909942626953,5.409299850463867,15.772669621735446
2025-07-07,85.49629974365234,5.419400215148926,15.775970836156985
2025-07-08,85.89199829101562,5.48769998550415,15.651729962990096
2025-07-09,85.7073974609375,5.446100234985352,15.73738891369634
2025-07-10,85.70850372314453,5.581799983978272,15.354993724095822
2025-07-11,85.73480224609375,5.531099796295166,15.500498165576495
2025-07-14,85.82129669189453,5.571899890899658,15.402519494663341
2025-07-15,85.96839904785156,5.586999893188477,15.387220456664403
2025-07-16,85.99310302734375,5.5510029792785645,15.49145322896581
2025-07-17,85.88520050048828,5.566599845886231,15.428664333391637
2025-07-18,86.04650115966797,5.546599864959717,15.51337815140788
2025-07-21,86.14859771728516,5.578100204467773,15.444074964498581
2025-07-22,86.19529724121094,5.565499782562256,15.48743160700083
2025-07-23,86.3427963256836,5.563899993896484,15.518394726792422
2025-07-24,86.39869689941406,5.51639986038208,15.662152687646154
2025-07-25,86.4302978515625,5.519999980926514,15.657662708371143
2025-07-28,86.506103515625,5.565199851989746,15.544114464226501
2025-07-29,86.77760314941406,5.5868000984191895,15.532612876907512
2025-07-30,87.06320190429688,5.573200225830078,15.6217609948384
2025-07-31,87.714599609375,5.575399875640869,15.732432034624704
2025-08-01,87.4894027709961,5.598800182342529,15.626455655074059
2025-08-04,87.24530029296875,5.537899971008301,15.754221049443
2025-08-05,87.89330291748047,5.496099948883057,15.991940418649511
2025-08-06,87.72309875488281,5.502999782562256,15.940959880256072
2025-08-07,87.76249694824219,5.458899974822998,16.076956411183893
2025-08-08,87.43319702148438,5.414299964904785,16.14856908339432
2025-08-11,87.48829650878906,5.432300090789795,16.105203145371384
2025-08-12,87.66449737548828,5.442299842834473,16.10798741471595
2025-08-13,87.59559631347656,5.401199817657471,16.21780331605418
2025-08-14,87.44999694824219,5.391200065612793,16.22087770513895
2025-08-15,87.69180297851562,5.40910005569458,16.211902548594132
2025-08-18,87.51280212402344,5.400400161743164,16.204873621027314
2025-08-19,87.29509735107422,5.435699939727783,16.059587232375065
2025-08-20,87.0791015625,5.497600078582764,15.839475465255791
2025-08-21,87.01820373535156,5.469161033630371,15.910704256149833
2025-08-22,87.29340362548828,5.464799880981445,15.973760343775098
2025-08-25,87.3301010131836,5.421299934387207,16.108701246955615
2025-08-26,87.60859680175781,5.4096999168396,16.194723949298027
2025-08-27,87.60070037841797,5.43120002746582,16.12916113113443
2025-08-28,87.65910339355469,5.417699813842773,16.180132972590467
2025-08-29,87.5916976928711,5.413000106811523,16.181728424990954
2025-09-01,88.17430114746094,5.432400226593018,16.231186486559793
2025-09-02,88.00140380859375,5.438399791717529,16.181488522159857
2025-09-03,87.99829864501953,5.4670000076293945,16.096268249902096
2025-09-04,88.072998046875,5.448100090026856,16.165818650817197
2025-09-05,88.19290161132812,5.443999767303467,16.20001935727709
2025-09-08,88.1863021850586,5.412199974060059,16.29398444398278
2025-09-09,87.98049926757812,5.420300006866455,16.23166598825233
2025-09-10,88.21829986572266,5.433599948883057,16.235700216365213
2025-09-11,88.05339813232422,5.401999950408936,16.300147897198425
2025-09-12,88.2676010131836,5.388199806213379,16.381649565296037
2025-09-15,88.27729797363281,5.35099983215332,16.497346429201578
2025-09-16,88.12349700927734,5.315199851989746,16.57952653958784
2025-09-17,87.88459777832031,5.29580020904541,16.595149799686624
2025-09-18,87.91069793701172,5.310100078582764,16.555374971477864
2025-09-19,88.20690155029297,5.304299831390381,16.629320429492367
2025-09-22,88.09919738769531,5.320499897003174,16.55844358484399
2025-09-23,88.30439758300781,5.3343000411987305,16.55407399302645
2025-09-24,88.80799865722656,5.281599998474121,16.814601386489628
2025-09-25,88.77860260009766,5.329899787902832,16.65671140789489
2025-09-26,88.77310180664062,5.363699913024902,16.55072118987662
2025-09-29,88.67680358886719,5.3422532081604,16.599139002511443
2025-09-30,88.70449829101562,5.321700096130371,16.66845118828029
2025-10-01,88.8406982421875,5.319499969482422,16.700949102708904
2025-10-02,88.68299865722656,5.328800201416016,16.64220749610033
2025-10-03,88.72019958496094,5.336599826812744,16.624855238199228
2025-10-06,88.73509979248047,5.33459997177124,16.633880752452722
2025-10-07,88.72109985351562,5.311200141906738,16.704529575807786
2025-10-08,88.74259948730469,5.353799819946289,16.57562898722556
2025-10-09,88.7771987915039,5.33519983291626,16.639901329239926
2025-10-10,88.86540222167969,5.377200126647949,16.526333431647224
2025-10-13,88.7573013305664,5.5229997634887695,16.07048798323688
2025-10-14,88.66510009765625,5.464099884033203,16.226844673309685
2025-10-15,88.78250122070312,5.481500148773193,16.196752496772877
2025-10-16,87.80950164794922,5.449299812316895,16.113905395602558
2025-10-17,87.9906997680664,5.440814971923828,16.172338192370766
2025-10-20,88.0022964477539,5.406099796295166,16.27833369041068
2025-10-21,87.87999725341797,5.36870002746582,16.368952782578884
2025-10-22,88.00160217285156,5.38670015335083,16.33682953711645
2025-10-23,87.74030303955078,5.399400234222412,16.250009118315823
2025-10-24,87.77899932861328,5.382900238037109,16.307008387103632
2025-10-27,87.8290023803711,5.388299942016602,16.299946796855668
2025-10-28,88.22209930419922,5.373300075531006,16.41860645489464
2025-10-29,88.22550201416016,5.357399940490723,16.46797009634471
2025-10-30,88.34559631347656,5.357800006866455,16.489155287665557
2025-10-31,88.6344985961914,5.381999969482422,16.468691768631736
2025-11-03,88.77539825439453,5.374599933624268,16.517582583031512
2025-11-04,88.72339630126953,5.354899883270264,16.56863774026074
2025-11-05,88.73200225830078,5.395899772644043,16.444338478663262
2025-11-06,88.55690002441406,5.35860013961792,16.52612580096868
2025-11-07,88.6729965209961,5.349500179290772,16.57594047090063
2025-11-10,88.65799713134766,5.330900192260742,16.630961738893358
2025-11-11,88.70709991455078,5.289700031280518,16.76977888915882
2025-11-12,88.46649932861328,5.270699977874756,16.784582636077992
2025-11-13,88.59400177001953,5.291299819946289,16.74333430059135
2025-11-14,88.81610107421875,5.296500205993652,16.768828022268785
2025-11-17,88.68199920654297,5.295599937438965,16.746355512918708
2025-11-18,88.63590240478516,5.329500198364258,16.63118474636505
2025-11-19,88.55680084228516,5.321499824523926,16.641323642288697
2025-11-20,88.48719787597656,5.32859992980957,16.60608772314773
2025-11-21,88.69219970703125,5.332300186157227,16.633009510094393
2025-11-24,89.63400268554688,5.402100086212158,16.592436507113366
2025-11-25,89.14779663085938,5.386799812316895,16.549305661410195
2025-11-26,89.15059661865234,5.37939977645874,16.572591798957205
2025-11-27,89.16300201416016,5.33080005645752,16.726007554185347
2025-11-28,89.36479949951172,5.355400085449219,16.686857764804266
2025-12-01,89.3499984741211,5.335400104522705,16.746635064609496
2025-12-02,89.61270141601562,5.355800151824951,16.731897919208343
2025-12-03,89.91719818115234,5.326300144195557,16.881736993199947
2025-12-04,90.17050170898438,5.306099891662598,16.993743719500657
2025-12-05,89.8364028930664,5.309299945831299,16.920574051123864
2025-12-08,89.93800354003906,5.43809986114502,16.538497974750715
2025-12-09,90.12999725341795,5.429999828338623,16.59852672242061
2025-12-10,89.91690063476562,5.43149995803833,16.554708888783736
2025-12-11,89.79299926757812,5.469799995422363,16.416139409617397
2025-12-12,90.25299835205078,5.4054999351501465,16.696512706468816
2025-12-15,90.5770034790039,5.4182000160217285,16.71717603838283
2025-12-16,90.7769012451172,5.413400173187256,16.768924953070734
2025-12-17,90.94889831542967,5.507500171661377,16.513644208928692
2025-12-18,90.4136962890625,5.518499851226807,16.383745352274097
2025-12-19,90.25579833984376,5.521299839019775,16.3468387827797
2025-12-22,89.56999969482422,5.53980016708374,16.168453192053608
2025-12-23,89.60389709472656,5.590000152587891,16.02931925739652
2025-12-24,89.50789642333984,5.518499851226807,16.219606566346382
2025-12-26,90.10590362548828,5.519499778747559,16.325012634738144
2025-12-29,89.82929992675781,5.542500019073486,16.207361230063498
2025-12-30,89.9000015258789,5.5690999031066895,16.142644788205132
2025-12-31,89.76940155029297,5.476200103759766,16.392644507029694
2026-01-02,89.96189880371094,5.517000198364258,16.306306972833507
2026-01-05,90.00700378417969,5.421599864959717,16.60155784750973
2026-01-06,90.23300170898438,5.40749979019165,16.68663989088872
2026-01-07,90.16609954833984,5.372000217437744,16.78445567735772
2026-01-08,89.8644027709961,5.383900165557861,16.691320419698876
2026-01-09,89.90540313720703,5.386600017547607,16.690566005333146
2026-01-12,90.23600006103516,5.370299816131592,16.802786278333933
2026-01-13,90.13269805908205,5.373700141906738,16.77293032340663
2026-01-14,90.27300262451172,5.371300220489502,16.806545700080953
2026-01-15,90.18319702148438,5.396100044250488,16.712662160067627
2026-01-16,90.36160278320312,5.367899894714356,16.833697452551238
2026-01-19,90.7020034790039,5.367700099945068,16.897740520177745
2026-01-20,90.90450286865234,5.36870002746582,16.93231180799682
2026-01-21,91.11840057373048,5.374300003051758,16.95446858604647
2026-01-22,91.53690338134766,5.31879997253418,17.21006690494778
2026-01-23,91.55829620361328,5.283699989318848,17.32844339926586
2026-01-26,91.5009994506836,5.288899898529053,17.300573126016587
2026-01-27,91.71309661865234,5.279099941253662,17.372866139918663
2026-01-28,91.5343017578125,5.183599948883057,17.658442522659563
2026-01-29,92.04080200195312,5.197100162506104,17.710030425422847
2026-01-30,91.78189849853516,5.189199924468994,17.687100099140448
2026-02-02,91.68699645996094,5.255000114440918,17.447572685679297
2026-02-03,90.24559783935548,5.259399890899658,17.158915410769104
2026-02-04,90.4228973388672,5.237500190734863,17.26451437630977
2026-02-05,90.125,5.23799991607666,17.205994930123055
2026-02-06,90.3147964477539,5.270500183105469,17.135906139849308
2026-02-09,90.58799743652344,5.21589994430542,17.36766395134266
2026-02-10,90.8227996826172,5.191599845886231,17.494183369040705
2026-02-11,90.58789825439452,5.196199893951416,17.43348987783215
2026-02-12,90.73570251464844,5.198699951171875,17.45353710867562
2026-02-13,90.56410217285156,5.213900089263916,17.369742538667854
2026-02-16,90.57119750976562,5.217899799346924,17.35778780594859
2026-02-17,90.78299713134766,5.243899822235107,17.312115068714874
2026-02-18,90.6261978149414,5.2204999923706055,17.35967779856053
2026-02-19,90.7935028076172,5.234399795532227,17.345542250156964
2026-02-20,91.04109954833984,5.208799839019775,17.47832559553153
2026-02-23,90.72660064697266,5.176499843597412,17.5266306168614
2026-02-24,91.02010345458984,5.170899868011475,17.60237207795567
2026-02-25,90.91799926757812,5.151999950408936,17.64712735689401
2026-02-26,90.95099639892578,5.124199867248535,17.74930696599904
2026-02-27,91.00740051269533,5.136600017547607,17.717439590740305
2026-03-02,91.07959747314452,5.1296000480651855,17.7556917926766
2026-03-03,91.56340026855467,5.170300006866455,17.709494641887943
2026-03-04,92.22000122070312,5.276299953460693,17.47815742738746
